Workbook

Sheet Fixation 
A1: evsjv‡`k †U·UvBj wek¦we`¨vjq A_© I wnmve `ßi ‡ZRMuvI, XvKv - 1208|
A3: Gm.Avi.I bs 348-AvBb/2026, ZvwiL -17-9-2026 RvZxq †eZb †¯‹j 2026 Abyhvqx †eZb wba©vibx weeiYx t
B5: AvBwW | D5: 218 | F5: 1g †MÖW | G5: 2q †MÖW | H5: 3q †MÖW | I5: 4_© †MÖW | J5: 5g †MÖW | K5: 6ó †MÖW | L5: 7g †MÖW | M5: 8g †MÖW | N5: 9g †MÖW
A6: 1 | B6: bvg | C6: t | D6: =VLOOKUP(D5,Inforation!A2:G412,2,FALSE) -> ‡gvt mvnv`vZ †nv‡mb | F6: 156000 | G6: 132000 | H6: 113000 | I6: 100000 | J6: 86000 | K6: 71000 | L6: 58000 | M6: 46000 | N6: 44000
A7: 2 | B7: eZ©gvb c` (30-06-2026) | C7: t | D7: =VLOOKUP(D6,Inforation!B2:G412,2,FALSE) -> †mKkb Awdmvi | G7: 135700 | H7: 117000 | I7: 103500 | J7: 89500 | K7: 74600 | L7: 60900 | M7: 48300 | N7: 46200
A8: 3 | B8: ey‡U· G †hvM`v‡bi ZvwiL | C8: t | G8: 139400 | H8: 121100 | I8: 107200 | J8: 93100 | K8: 78300 | L8: 64000 | M8: 50800 | N8: 48600
A9: 4 | B9: wefvM/`ßi | C9: t | D9: =VLOOKUP(D6,Inforation!B2:G412,3,FALSE) -> A_© I wnmve | G9: 147200 | H9: 129700 | I9: 110900 | J9: 96800 | K9: 82200 | L9: 67200 | M9: 53300 | N9: 51000
A10: 5 | B10: ‡mj †dvb bs | C10: t | D10: =VLOOKUP(D6,Inforation!B2:G413,4,FALSE) -> 0 | G10: 151200 | H10: 134300 | I10: 114800 | J10: 100700 | K10: 86400 | L10: 70500 | M10: 56000 | N10: 53500
A11: 6 | B11: RvZxq cwiPq cÎ bs | C11: t | D11: =VLOOKUP(D6,Inforation!B2:G414,5,FALSE) -> 0124100063454 | G11: 153000 | H11: 139000 | I11: 118800 | J11: 104700 | K11: 90700 | L11: 74100 | M11: 58800 | N11: 56200
A12: 8 | B12: RvZxq †eZb †¯‹j 2015 Abyhvqx 30 Ryb 2026 Zvwi‡L M„nxZ †eZb | C12: t | D12: =VLOOKUP('Fixation '!D6,Inforation!B2:G413,6,FALSE) -> 28100 | H12: 143800 | I12: 123000 | J12: 108900 | K12: 95200 | L12: 77800 | M12: 61700 | N12: 59000
A13: 9 | B13: RvZxq †eZb †¯‹j 2015 Abyhvqx 30 Ryb 2026 Zvwi‡L | C13: t | H13: 148800 | I13: 127300 | J13: 113200 | K13: 100000 | L13: 81700 | M13: 64800 | N13: 62000
B14: K) cÖvß †MÖW/D”PZi †MÖW I ‡¯‹j | C14: t | D14: গ্রেড - ৯ | E14: 22000-53060 | I14: 131700 | J14: 117700 | K14: 104900 | L14: 85700 | M14: 68000 | N14: 65100
B15: L) cÖvß †MÖW/D”PZi †MÖ‡Wi cÖviw¤¢K ‡eZb | C15: t | D15: 22000 | E15: ** | I15: 136300 | J15: 122500 | K15: 110200 | L15: 90000 | M15: 71400 | N15: 68300
A16: 10 | B16: cv_©K¨ (8-9L) | C16: t | D16: =D12-D15 -> 6100 | I16: 142400 | J16: 127400 | K16: 115700 | L16: 94500 | M16: 75000 | N16: 71700
A17: 11 | B17: RvZxq †eZb †¯‹j 2026 Abyhvqx 01/07/2026 Zvwi‡L | C17: t | J17: 132400 | K17: 121500 | L17: 99200 | M17: 78700 | N17: 75300
B18: K) cÖvc¨ †MÖW/D”PZi †MÖW I ‡¯‹j | C18: t | D18: গ্রেড - ৯ | E18: 44000-105900 | J18: 139700 | K18: 127600 | L18: 104200 | M18: 82700 | N18: 79100
B19: L) cÖvc¨ †MÖW/D”&PZi †MÖ‡Wi cÖviw¤¢K ‡eZb | C19: t | D19: 44000 | E19: ** | K19: 134000 | L19: 109400 | M19: 86800 | N19: 83000
A20: 12 | B20: ‡gvU †eZb (10+11L) | C20: t | D20: =D16+D19 -> 50100 | L20: 114900 | M20: 91100 | N20: 87200
A21: 13 | B21: 01/07/2026 Zvwi‡L cÖvc¨ †eZ‡bi avc (†eZb †¯‹j 2026) | C21: t | D21: 51000 | E21: ** | L21: 120600 | M21: 95700 | N21: 91500
A22: 14 | B22: 01/07/2026 Zvwi‡L evwl©K †eZb e„w× (Bbwµ‡g›U) mn †eZb [RvZxq †eZb †¯‹j-2026 Gi 8(2) aviv †gvZv‡eK] | C22: t | D22: 53500 | E22: ** | L22: 126800 | M22: 100500 | N22: 96100
A23: 15 | B23: ‡eZb e„w×i cwigvY (13-8) | C23: t | D23: =D21-D12 -> 22900 | M23: 105500 | N23: 100900
A24: 16 | B24: 01/07/2026 Zvwi‡L e„w× cÖvß †eZ‡bi (Kjvg 15 Abymv‡i) | C24: t | M24: 110800 | N24: 105900
B25: K) 40% (1g n‡Z 9g †Mª‡Wi Rb¨) | C25: t | D25: =D23*40% -> 9160
B26: L) 50% (10g †MÖW n‡Z 20 Zg †Mª‡Wi Rb¨) | C26: t
A27: 17 | B27: 01/01/2027 Zvwi‡L e„w× cÖvß †eZ‡bi (Kjvg 15 Abymv‡i) | C27: t
B28: K) cieZx© 70% (1g n‡Z 9g †Mª‡Wi Rb¨) | C28: t | D28: =D23*70% -> 16030
B29: L) cieZx© 75% (10g †MÖW n‡Z 20 Zg †Mª‡Wi Rb¨) | C29: t
A30: 18 | B30: 01/07/2026 Zvwi‡L wba©vwiZ †eZb (8+16) | C30: t | D30: =D12+D25 -> 37260
A31: 19 | B31: 01/07/2026 Zvwi‡L evwl©K †eZb e„w×i nvi (14 bs - 13 bs) | C31: t | D31: =D22-D21 -> 2500 | G31: =53500-51000 -> 2500
A32: 20 | B32: 01/07/2026 Zvwi‡L evwl©K †eZb e„w× mn cÖvc¨ †eZb (8+16+19) | C32: t | D32: =D12+D25+D31 -> 39760
A33: 21 | B33: 01/01/2027 Zvwi‡L evwl©K †eZb e„w× mn cÖvc¨ †eZb (8+17+19) | C33: t | D33: =D12+D28+D31 -> 46630
A34: 22 | B34: 01/07/2026 Zvwi‡L wbavwiZ †eZb 100% | C34: t | D34: =D22 -> 53500
A35: 23 | B35: 01/7/2027 Zvwi‡L evwl©K †eZb e„w× (Bbwµ‡g›U) mn cÖvc&¨ †eZb | C35: t | D35: 56200 | E35: **
A36: 24 | B36: cieZ©x evwl©K †eZb e„wÏi ZvwiL | C36: t | D36: 46759
D39: ---------------------------------
C40: wkÿK/ Kg©KZ©v/Kg©Pvixi ¯^vÿi I mxj
A43: cÖ¯‘ZKviK Dc-cwiPvjK(m¨vjvwi) | D43: cwiPvjK (A_© I wnmve)
B45: AwWU Awd‡mi e¨env‡ii Rb¨
A46: D³ †eZb weeibx wbixÿv Kiv nBj| RvZxq †eZb †¯‹j 2026 Abyhvqx wb¤œiæcfv‡e †eZb wba©viY Kiv n‡jv
A47: 1 | B47: K) 1 RyjvB 2026 Zvwi‡L wba©vwiZ †eZb †MÖW | C47: t
B48: L) 1 RyjvB 2026 Zvwi‡L wba©vwiZ †eZb ‡¯‹j | C48: t
A49: 2 | B49: 1 RyjvB 2026 Zvwi‡L wba©vwiZ gyj †eZb | C49: t
A50: 3 | B50: K) 1 Rvbyqvix 2026 Zvwi‡L wba©vwiZ gyj †eZb | C50: t
B51: L) 1 RyjvB 2027 Zvwi‡L wba©vwiZ gyj †eZb | C51: t
A52: 4 | B52: cieZx© evwl©K †eZb e„wÏi ZvwiL | C52: t
A55: AwWU GÛ GKvDÝ Avwdmvi mn-cwiPvjK(AwWU) | D55: Dc-cwiPvjK (AwWU)

Sheet Inforation
A1: bs | B1: bvg | C1: c`ex | D1: wefvM/`ßi | E1: ‡gvevBj b¤^i | F1: GbAvBwW bs | G1: g~j †eZb
A2: 1 | B2: Aa¨vcK W. †gvt Ryjnvm DwÏb | C2: fvBm P¨v‡Ýji | D2: fvBm P¨v‡Ýji `ßi | E2: 333333171 | F2: 0124100020088 | G2: 78000
A3: 2 | B3: W. kvn-Avwjgy¾vgvb | C3: Aa¨vcK | D3: †dweªK BwÄwbqvwis | F3: 0124100010352 | G3: 78000
A4: 3 | B4: W. †mL †gvt gwgbyj Avjg | C4: Aa¨vcK | D4: ‡U·: †gwkbvwi wWRvBb GÛ ‡gBb | F4: 0124100040385 | G4: 78000
A5: 4 | B5: W. †gvt gwkDi ingvb Lvub | C5: Aa¨vcK | D5: G¨vcv‡ij BwÄwbqvwis | F5: 0124100022027 | G5: 78000
A6: 5 | B6: W. †nvm‡b Aviv †eMg | C6: Aa¨vcK | D6: BqvY© BwÄwbqvwis | F6: 0124100023603 | G6: 76490
A7: 6 | B7: W. bviwMm Rvnvb Aviv | C7: Aa¨vcK | D7: imvqb wefvM | F7: 0124100023956 | G7: 78000
A8: 7 | B8: W. †gvnv¤§` Avjx | C8: Aa¨vcK | D8: AvBwcB | F8: 0124100030692 | G8: 78000
A9: 8 | B9: W. ‡gvt dinv` †nv‡mb | C9: Aa¨vcK | D9: WvBR GÛ †KwgK¨vj BwÄwbqvwis | F9: 0124100067967 | G9: 76490
A10: 9 | B10: W.kidzb bvnvi AviRy | C10: Aa¨vcK | D10: I‡qU cÖ‡mm BwÄwbqvwis | F10: 0124100031398 | G10: 76490
A11: 10 | B11: W. D¤§yj Lv‡qi dv‡Zgv | C11: Aa¨vcK | D11: Gbfvqib †g›Uvj mv‡qÝ | F11: 0124100087074 | G11: 76490
A12: 11 | B12: W.‡gvt gvmyg | C12: Aa¨vcK | D12: †U·UvBj BwÄ: g¨v‡bR‡g›U | F12: 0124100088406 | G12: 76490
A13: 12 | B13: W.†gvt Avnmvb nvexe | C13: Aa¨vcK | D13: †U·UvBj BwÄ: g¨v‡bR‡g›U | F13: 0124100085742 | G13: 68770
A14: 13 | B14: W.†gvt mvwgDj Bmjvg †PŠayix | C14: Aa¨vcK | D14: imvqb | F14: 0124100092373 | G14: 68770
... A20: 19 | B20: iv‡k`v †eMg w`bv | C20: Aa¨vcK | D20: I‡qU cÖ‡mm BwÄwbqvwis | F20: 0124100085035 | G20: 74400
A21: 20 | B21: W.†gvt wiqvRyj Bmjvg | C21: Aa¨vcK | F21: 0124100085762 | G21: 74400
A22: 21 | B22: W.†gvt Bg`v` miKvi | C22: Aa¨vcK | F22: 0124100055557 | G22: 74400
A23: 22 | B23: W.Bgvbv kvnixb Zvwbqv | C23: Aa¨vcK | D23: I‡qU cÖ‡mm BwÄwbqvwis | F23: 0124100091838 | G23: 66120
A24: 23 | B24: W.jvgBqv Rwni | C24: Aa¨vcK | D24: G¨vcv‡ij BwÄwbqvwis | F24: 0124100091697 | G24: 66120
A25: 24 | B25: W.‡gvt gvneyeyi ingvb | C25: Aa¨vcK | D25: d¨vkb GÛ wWRvBb BwÄ: | F25: 0124100067745 | G25: 66120
A26: 25 | B26: W. †kL gvgyb Kwei | C26: Aa¨vcK | D26: I‡qU cÖ‡mm BwÄwbqvwis | F26: 0124100085782 | G26: 66120
A27: 26 | B27: W.†gvt Rvwn`yj Bmjvg | C27: mn‡hvMx Aa¨vcK | D27: ‡dweªK BwÄ. | F27: 0124100053016 | G27: 74400
A28: 27 | B28: W. Zby Av‡idxb | C28: mn‡hvMx Aa¨vcK | F28: 0124100089648 | G28: 68770
A29: 28 | B29: W.G.wU.Gg. d‡qR Avn‡g` | C29: mn‡hvMx Aa¨vcK | F29: 0124801012177 | G29: 66120
A30: 29 | B30: W.‡gvnv¤§` dinv`yi ingvb | C30: mn‡hvMx Aa¨vcK | F30: 0124801012254 | G30: 61120
A31: 30 | B31: W.†gvt byiæb bex | C31: mn‡hvMx Aa¨vcK | F31: 0124801012489 | G31: 61120
A32: 31 | B32: W.‡gvnv¤§` iwdKzj ikx` | C32: mn‡hvMx Aa¨vcK | F32: 0124801014524 | G32: 58760
A33: 32 | B33: m. g. dvinvbv BKevj | C33: mn‡hvMx Aa¨vcK | D33: BqvY© BwÄwbqvwis | F33: 0124100084127 | G33: 65820
A34: 33 | B34: W.Abyc Kzgvi `I | C34: mn‡hvMx Aa¨vcK | D34: MwYZ | F34: 0124100092363 | G34: 56250
A35: 34 | B35: W.‡gvt myjZvb gvngy` | C35: mn‡hvMx Aa¨vcK | D35: BqvY© BwÄwbqvwis | F35: 0124100092041 | G35: 65820
A36: 35 | B36: W. Avey †gvnv¤§` AvRgj †gv‡k©` | C36: mn‡hvMx Aa¨vcK | D36: imvqb | F36: 0124801013402 | G36: 63280
A37: 36 | B37: W.w`jviv †nv‡mb | C37: mn‡hvMx Aa¨vcK | F37: 0124100085893 | G37: 71200
A38: 37 | B38: W.‡gvt iæKby¾vgvb | C38: mn‡hvMx Aa¨vcK | F38: 0124100095844 | G38: 71200
A39: 38 | B39: W.‡gvt iv‡k`yj Bmjvg | C39: mn‡hvMx Aa¨vcK | F39: 0124801013911 | G39: 56250
A40: 39 | B40: gviwRqv `yjvj | C40: mnKvix Aa¨vcK | F40: 0124801013614 | G40: 58500
A41: 40 | B41: W.‡gvnv¤§` AveŸvm D`&`xb | C41: mnKvix Aa¨vcK | F41: 0124801013975 | G41: 60840
A42: 41 | B42: W.Avn‡g` Rvjvj DwÏb | C42: mnKvix Aa¨vcK | F42: 0124801015582 | G42: 58500
A43: 42 | B43: G.Gb.Gg.gvmy`yi ingvb | C43: mnKvix Aa¨vcK | F43: 0124801014146 | G43: 56250
A44: 43 | B44: W.gvn&gy`v Av³vi | C44: Aa¨vcK | D44: G¨vcv‡ij BwÄwbqvwis | F44: 0124100085752 | G44: 71530
A45: 44 | B45: myZcv ‡PŠayix | C45: mn‡hvMx Aa¨vcK | D45: d¨vkb GÛ wWRvBb BwÄ: | F45: 0124100085045
A46: 45 | B46: ‡gvt Avey mvC` wek¦vm | C46: mnKvix Aa¨vcK | F46: 0124100096329
A47: 46 | B47: ‡gvt Avwid BKevj | C47: mnKvix Aa¨vcK | F47: 0124801012483
A48: 47 | B48: dqmvj Av‡e`xb | C48: mnKvix Aa¨vcK | D48: ‡dweªK BwÄ. | F48: 0124801012952
A49: 48 | B49: ‡gvt Avnmvb Avn‡g` | C49: mnKvix Aa¨vcK | D49: AvBwcB | F49: 0124801012493
A50: 49 | B50: dqmvj Avn‡g` | C50: mnKvix Aa¨vcK | D50: ‡dweªK BwÄ. | F50: 0124801014506 | G50: 37280
A51: 50 | B51: ‡gvt nviæb-Ai-iwk` | C51: mnKvix Aa¨vcK | D51: c`v_© weÁvb | F51: 0124801012363 | G51: 41110
A52: 51 | B52: wjsKb cvBK | C52: mnKvix Aa¨vcK | D52: c`v_© weÁvb | F52: 0124801014665
A53: 52 | B53: ‡gvt kvwKiæj Bmjvg | C53: mnKvix Aa¨vcK | F53: 0124801012983 | G53: 39150
A54: 53 | B54: †gvt †gv¯ÍvwdRyi ingvb | C54: mnKvix Aa¨vcK | F54: 0124801013322 | G54: 41110
A55: 54 | B55: ‡gvt nvmvb †kL | C55: mnKvix Aa¨vcK | F55: 0124801014200 | G55: 41110
A56: 55 | B56: mvgviv Bmjvg wbwk | C56: mnKvix Aa¨vcK | F56: 0124801014649
A57: 56 | B57: dvinvZzj †Rbvb | C57: mnKvix Aa¨vcK | D57: AvBwcB | F57: 0124801016389
A58: 57 | B58: †mŠif Kzgvi †Nvl | C58: mnKvix Aa¨vcK | D58: AvBwcB | F58: 0124801015456 | G58: 37280
A59: 58 | B59: ‡mvjvqgvb web Avjx | C59: mnKvix Aa¨vcK | D59: I‡qU cÖ‡mm BwÄ | F59: 0124801015461 | G59: 37280
A60: 59 | B60: gvCb †gvt Lvqiæj AvKZvi | C60: mnKvix Aa¨vcK | D60: ‡U·UvBj BwÄ:g¨v‡bR‡g›U | F60: 0124801014671 | G60: 39150
A61: 60 | B61: kixd Avn‡g` | C61: mnKvix Aa¨vcK | D61: BqvY© BwÄ. | F61: 0124100072368 | G61: 47600
A62: 61 | B62: Avnmvb nvexe | C62: mnKvix Aa¨vcK | D62: ‡U·UvBj BwÄ:g¨v‡bR‡g›U | F62: 0124801013615 | G62: 43170
A63: 62 | B63: gynv¤§` dinv` gvnvgy` †Pxayix | C63: mnKvix Aa¨vcK | D63: BqvY© BwÄ. | F63: 0124801014143 | G63: 41110
A64: 63 | B64: ‡mwjbv myjZvbv wkgy | C64: mnKvix Aa¨vcK | F64: 0124801012510 | G64: 45330
A65: 64 | B65: ‡gvt Avãyjøvn Avj gvgyb | C65: mnKvix Aa¨vcK | F65: 0124801012980 | G65: 41110
A66: 65 | B66: †gvt †iRvDj Kwig | C66: mnKvix Aa¨vcK | F66: 0124801014672 | G66: 39150
A67: 66 | B67: Av`bvb gviæd Lvb | C67: mnKvix Aa¨vcK | F67: 0124801014142
A68: 67 | B68: ‡gvt RvIqv` Be‡b Avwgb | C68: mnKvix Aa¨vcK | F68: 0124801013914 | G68: 41110
A69: 68 | B69: ‡gvQvt Zvwbqv AvK‡UK | C69: mnKvix Aa¨vcK | D69: I‡qU cÖ‡mm BwÄ | F69: 0124801014096 | G69: 41110
A70: 69 | B70: ïf eª² | C70: mnKvix Aa¨vcK | F70: 0124801013362 | G70: 41110
A71: 70 | B71: Abycg gÛj | C71: mnKvix Aa¨vcK | F71: 0124801013621
A72: 71 | B72: ZvwiK †iRv †Zvnv | C72: cÖfvlK (Kw¤úDUvi) | D72: wUGgwWGg | F72: 0124801015496
A73: 72 | B73: myw¯§Zv mvnv | C73: cÖfvlK( BqvY©©) | D73: BqvY© BwÄ. | F73: 0124801017395
A74: 73 | B74: mvw`qv mvjwej e„wó | C74: mnKvix Aa¨vcK | D74: imvqb | F74: 0124801014651
A75: 74 | B75: ‡gvt AvQv`y¾vgvb | C75: mnKvix Aa¨vcK | D75: wUGgwWGg | F75: 0124100089184 | G75: 52480
A76: 75 | B76: ‡`Iqvb †gv‡k©` Avn‡g` | C76: mnKvix Aa¨vcK | D76: ‡dweªK BwÄ. | F76: 0124801012487 | G76: 47600
A77: 76 | B77: G †K Gg AvwkKzi ingvb | C77: mnKvix Aa¨vcK | F77: 0124100066866 | G77: 43170
A78: 77 | B78: ‡gvt iæ‡ej Lvub | C78: mnKvix Aa¨vcK | F78: 0124801013339 | G78: 45330
A79: 78 | B79: ‡gvt †Mvjvg wKewiqv | C79: mnKvix Aa¨vcK | F79: 0124801015455 | G79: 41110
A80: 79 | B80: Dcgv bvmwib nK | C80: mnKvix Aa¨vcK | F80: 0124801014073 | G80: 43170
A81: 80 | B81: kvgxgv Av³vi ¯§„wZ | C81: mnKvix Aa¨vcK | D81: ‡dweªK BwÄ. | F81: 0124801015481 | G81: 43170
A82: 81 | B82: Bgivb †nv‡mb | C82: mnKvix Aa¨vcK | F82: 0124801014495 | G82: 43170
A83: 82 | B83: Zvbfxi †g‡n`x w`c | C83: mnKvix Aa¨vcK | D83: BqvY© BwÄ. | F83: 0124801016632 | G83: 37280
A84: 83 | B84: Av‡qkv wmwÏKv | C84: mnKvix Aa¨vcK | D84: G¨vcv‡ij BwÄ. | F84: 0124100096934 | G84: 39150
A85: 84 | B85: Zvbfxi Avjg | C85: mnKvix Aa¨vcK | F85: 0124801013308 | G85: 39150
A86: 85 | B86: mvBdzi ingvb Zzlvi | C86: mnKvix Aa¨vcK | F86: 0124801017382
A87: 86 | B87: ‡gvt gvmyg †iRv | C87: mnKvix Aa¨vcK | F87: 0124801012714 | G87: 47600
A88: 87 | B88: †gvt evkvi DwÏb | C88: mnKvix Aa¨vcK | F88: 0124801014487 | G88: 45330
A89: 88 | B89: ‡gvt AvmIqv` Avj nK miKvi | C89: mnKvix Aa¨vcK | D89: ‡dweªK BwÄ. | F89: 0124801013311 | G89: 47600
A90: 89 | B90: ‡gvt ‡gvi‡k`yj nK | C90: cÖfvlK(Gb:mvBÝ) | F90: 0124801018471 | G90: 37280
A91: 90 | B91: ZvbwSj nvmvb gvn`x | C91: mnKvix Aa¨vcK | F91: 0124801012919 | G91: 49980
A92: 91 | B92: Avdbvb web wmwÏK | C92: cÖfvlK(imvqb) | F92: 0124801018513 | G92: 37280
A93: 92 | B93: bymivZ Rvnvb | C93: mnKvix Aa¨vcK | D93: imvqb | F93: 0124801015471 | G93: 45330
A94: 93 | B94: widvZ Rvnvb | C94: mnKvix Aa¨vcK | F94: 0124801015449 | G94: 43170
A95: 94 | B95: ivwRqv myjZvbv | C95: cÖfvlK(c`v_©) | F95: 0124801018508 | G95: 37280
A96: 95 | B96: †i‡eKv myjZvbv | C96: mnKvix Aa¨vcK (d¨vkb) | D96: d¨vkb GÛ wWRvBb BwÄ: | F96: 0124100074775 | G96: 71200
A97: 96 | B97: dviRvbv ingvb | C97: mnKvix Aa¨vcK | F97: 0124100084975 | G97: 66840
A98: 97 | B98: ‡gvt kv‡qL gybxi | C98: mnKvix Aa¨vcK | D98: ‡U·UvBj BwÄ:g¨v‡bR‡g›U | F98: 0124100095421 | G98: 55110
A99: 98 | B99: ‡ZŠwdKv wmwÏKv | C99: mnKvix Aa¨vcK | D99: BqvY© BwÄ. | F99: 0124100074054 | G99: 52480
A100: 99 | B100: ‡gvt †n`v‡qZ Djøvn | C100: mnKvix Aa¨vcK | D100: c`v_© weÁvb | F100: 0124801012361 | G100: 57870
A101: 100 | B101: gviwRqv Bqvmwgb | C101: mnKvix Aa¨vcK | F101: 0124801012449 | G101: 49980
A102: 101 | B102: dviRvbv Bqvmwgb | C102: mnKvix Aa¨vcK | D102: imvqb | F102: 0124801012453 | G102: 49980
A103: 102 | B103: ‡gvt gvgybyi ikx` | C103: mnKvix Aa¨vcK | D103: AvBwcB | F103: 0124801012499 | G103: 57870
A104: 103 | B104: †gvt gwdRyj Bmjvg | C104: mnKvix Aa¨vcK | F104: 0124801012711 | G104: 49980
A105: 104 | B105: ‡gvt gvnvgyy`yj nvmvb | C105: mnKvix Aa¨vcK | F105: 0124801012962 | G105: 47600
...

Sheet Sheet1
A7: Aa¨vcK
A8: Aa¨vcK W. †gvt Ryjnvm DwÏb fvBm P¨v‡Ýji †¯‹jt 78000/- wefvMt I‡qU cÖ‡mm BwÄwbqvwis
A9: Aa¨vcK W. kvn Avwjgy¾vgvb Aa¨vcK ‡¯‹jt 78000/- wefvMt †dweªK BwÄwbqvwis
A10: Aa¨vcK W. †mL ‡gvt gwgbyj Avjg Aa¨vcK I we:cÖ ‡¯‹jt 78000/- wefvMt ‡U·: †gwkbvwi wWRvBb GÛ ‡gBb
A11: W. ‡gvt gwkDi ingvb Luvb Aa¨vcK I cwiPvjK(wk: Kj¨vb) ‡¯‹jt 78000/- wefvMt G¨vcv‡ij BwÄwbqvwis
A12: W. †nvm‡b Aviv †eMg Aa¨vcK Ges cwiPvjK (M‡elbv I m¤úªmviY) ‡¯‹jt 66000-76490/- wefvMt BqvY© BwÄwbqvwis
A13: W. bviMxm Rvnvb Aviv Aa¨vcK I wefvMxq cÖavY ‡¯‹jt 78000/-
A14: W. †gvnv¤§` Avjx Aa¨vcK Ges we: cÖavb ‡¯‹jt 78000/- wefvMt AvBwcB
A15: W. ‡gvt dinv` †nv‡mb Aa¨vcK I wefvMxq cÖavb ‡¯‹jt 66000-76490/- wefvMt WvBR GÛ †KwgK¨vj BwÄwbqvwis
A16: W.kidzb bvnvi AviRy Aa¨vcK I cwiPvjK GwµWvB‡UW ‡¯‹jt 66000-76490/- wefvMt I‡qU cÖ‡mm BwÄwbqvwis
A17: W. D¤§yj Lv‡qi dv‡Zgv Aa¨vcK I wefvMxq cÖavb ‡¯‹jt 66000-76490/- wefvMt Gbfvqib †g›Uvj mv‡qÝ
A18: W.‡gvt gvmyg Aa¨vcK I wefvMxq cÖavb ‡¯‹jt 56500-74400/- wefvMt †U·UvBj BwÄ: g¨v‡bR‡g›U
... A422: ‡gvt ûgvqyb Kwei wmwKDwiwU MvW© †¯‹jt 8250-20010/- †hvM`vbt 29/04/2026

Sheet Sheet2
B1: evsjv‡`k †U·UvBj wek¦we`¨vjq
B2: ‡ZRMuvI, XvKv-1208|
B3: wkÿK‡`i †eZb fvZvi wej Ryb - 2026|
B7: µtbs | D7: bvg I c`ex | H7: cÖvwß mg~n | S7: KZ©b mg~n | AH7: bxU `vex | AI7: gšÍe¨
E8: bvg | F8: c`ex | G8: wnmve bs | H8: g~j‡eZb | I8: we‡kl myweav | J8: evoxfvov fvZv | K8: wPwKrmv fvZv | L8: Avc¨vqb/ we‡kl fvZv | M8: `vwqZ¡fvi fvZv | P8: †Uwj‡dvb /†gvevBj fvZv | Q8: wk¶v mnvqK fvZv | R8: †gvU †eZb | S8: wRwc dvÛ Puv`v | U8: Kj¨vY Znwej | V8: ‡hŠ_ exgv | W8: evox fvov | X8: M¨vm wej | Y8: cvwb I cqtKi | Z8: ‡cŠi Ki | AA8: we`y¨r wej | AB8: Mvox fvov/Kvi PvR© | AC8: AvqKi | AD8: mwgwZi Puv`v | AE8: ivR¯^ ÷¨v¤ú | AF8: 1 w`‡bi †eZb KZ©b/ †W †Kqvi Gi Rb¨ KZ©b | AG8: ‡gvU KZ©b
S9: Puv`v | T9: AwMÖg cÖZ¨vnvi
C10: ‡KvW bs | D10: Aa¨vcK | S10: Puv`v | T10: AwMÖg cÖZ¨vnvi
B11: 1 | C11: 100002 | D11: Aa¨vcK W. †gvt Ryjnvm DwÏb fvBm P¨v‡Ýji †¯‹jt 78000/- wefvMt I‡qU cÖ‡mm BwÄwbqvwis | E11: Aa¨vcK W. †gvt Ryjnvm DwÏb | F11: fvBm P¨v‡Ýji | G11: 0124100020088 | H11: 78000 | I11: =ROUND((H11*10%),0) -> 7800 | K11: 1500 | P11: 4300 | Q11: 500 | R11: =SUM(H11:Q11) -> 92100 | S11: =ROUND((H11*10%),0) -> 7800 | U11: =ROUND((H11*1%),0) -> 780 | AB11: 800 | AC11: 2321 | AD11: 100 | AE11: 10 | AG11: =SUM(S11:AF11) -> 11811 | AH11: =R11-AG11 -> 80289 | AI11: cÖvwaKvi Mvox
B12: 2 | C12: 100004 | D12: Aa¨vcK W. kvn Avwjgy¾vgvb Aa¨vcK ‡¯‹jt 78000/- wefvMt †dweªK BwÄwbqvwis | E12: W. kvn-Avwjgy¾vgvb | F12: Aa¨vcK | G12: 0124100010352 | H12: 78000 | I12: =ROUND((H12*10%),0) -> 7800 | J12: =H12*50% -> 39000 | K12: 1500 | P12: 4300 | Q12: 500 | R12: =SUM(H12:Q12) -> 131100 | S12: =ROUND((H12*10%),0) -> 7800 | U12: =ROUND((H12*1%),0) -> 780 | AC12: 2321 | AD12: 100 | AE12: 10 | AG12: =SUM(S12:AF12) -> 11011 | AH12: =R12-AG12 -> 120089
B13: 3 | C13: 100005 | D13: Aa¨vcK W. †mL ‡gvt gwgbyj Avjg Aa¨vcK I we:cÖ ‡¯‹jt 78000/- wefvMt ‡U·: †gwkbvwi wWRvBb GÛ ‡gBb | E13: W. †mL †gvt gwgbyj Avjg | F13: Aa¨vcK | G13: 0124100040385 | H13: 78000 | I13: =ROUND((H13*10%),0) -> 7800 | J13: 0 | K13: 1500 | M13: =ROUND((H13*12.5%),0) -> 9750 | P13: 4300 | R13: =SUM(H13:Q13) -> 101350 | S13: =ROUND((H13*10%),0) -> 7800 | U13: =ROUND((H13*1%),0) -> 780 | X13: 1080 | Y13: 120 | Z13: 30 | AA13: 6395 | AC13: 2123 | AD13: 100 | AE13: 10 | AG13: =SUM(S13:AF13) -> 18438 | AH13: =R13-AG13 -> 82912
B14: 4 | C14: 100006 | D14: W. ‡gvt gwkDi ingvb Luvb Aa¨vcK I cwiPvjK(wk: Kj¨vb) ‡¯‹jt 78000/- wefvMt G¨vcv‡ij BwÄwbqvwis | E14: W. †gvt gwkDi ingvb Lvub | F14: Aa¨vcK | G14: 0124100022027 | H14: 78000 | I14: =ROUND((H14*10%),0) -> 7800 | J14: =ROUND((H14*50%),0) -> 39000 | K14: 1500 | M14: =ROUND((H14*12.5%),0) -> 9750 | P14: 4300 | Q14: 500 | R14: =SUM(H14:Q14) -> 140850 | S14: =ROUND((H14*10%),0) -> 7800 | T14: 0 | U14: =ROUND((H14*1%),0) -> 780 | AB14: 250 | AC14: 2123 | AD14: 100 | AE14: 10 | AG14: =SUM(S14:AF14) -> 11063 | AH14: =R14-AG14 -> 129787
B15: 5 | C15: 100007 | D15: W. †nvm‡b Aviv †eMg Aa¨vcK Ges cwiPvjK (M‡elbv I m¤úªmviY) ‡¯‹jt 66000-76490/- wefvMt BqvY© BwÄwbqvwis | E15: W. †nvm‡b Aviv †eMg | F15: Aa¨vcK | G15: 0124100023603 | H15: 76490 | I15: =ROUND((H15*10%),0) -> 7649 | J15: =H15*50% -> 38245 | K15: 1500 | M15: =ROUND((H15*12.5%),0) -> 9561 | P15: 4300 | R15: =SUM(H15:Q15) -> 137745 | S15: =ROUND((H15*10%),0) -> 7649 | U15: =ROUND((H15*1%),0) -> 765 | AC15: 3581 | AD15: 100 | AE15: 10 | AG15: =SUM(S15:AF15) -> 12105 | AH15: =R15-AG15 -> 125640
B16: 6 | C16: 100008 | D16: W. bviMxm Rvnvb Aviv Aa¨vcK I wefvMxq cÖavY ‡¯‹jt 78000/- | E16: W. bviwMm Rvnvb Aviv | F16: Aa¨vcK | G16: 0124100023956 | H16: 78000 | I16: =ROUND((H16*10%),0) -> 7800 | J16: =ROUND((H16*50%),0) -> 39000 | K16: 1500 | M16: =ROUND((H16*12.5% /30*4),0) -> 1300 | P16: 4300 | Q16: 1000 | R16: =SUM(H16:Q16) -> 132900 | S16: =ROUND((H16*10%),0) -> 7800 | T16: 0 | U16: =ROUND((H16*1%),0) -> 780 | AB16: 0 | AC16: 3581 | AD16: 100 | AE16: 10 | AG16: =SUM(S16:AF16) -> 12271 | AH16: =R16-AG16 -> 120629 | AJ16: `vwqZ¡fvZv AvMvgxgv‡m wWwjU n‡e |
B17: 7 | C17: 100009 | D17: W. †gvnv¤§` Avjx Aa¨vcK Ges we: cÖavb ‡¯‹jt 78000/- wefvMt AvBwcB | E17: W. †gvnv¤§` Avjx | F17: Aa¨vcK | G17: 0124100030692 | H17: 78000 | I17: =ROUND((H17*10%),0) -> 7800 | K17: 1500 | M17: =ROUND((H17*12.5%),0) -> 9750 | P17: 4300 | Q17: 1000 | R17: =SUM(H17:Q17) -> 102350 | S17: =ROUND((H17*10%),0) -> 7800 | T17: 0 | U17: =ROUND((H17*1%),0) -> 780 | X17: 1080 | Y17: 120 | Z17: 30 | AA17: 1906 | AC17: 4206 | AD17: 100 | AE17: 10 | AG17: =SUM(S17:AF17) -> 16032 | AH17: =R17-AG17 -> 86318
B18: 8 | C18: 100024 | D18: W. ‡gvt dinv` †nv‡mb Aa¨vcK I wefvMxq cÖavb ‡¯‹jt 66000-76490/- wefvMt WvBR GÛ †KwgK¨vj BwÄwbqvwis | E18: W. ‡gvt dinv` †nv‡mb | F18: Aa¨vcK | G18: 0124100067967 | H18: 76490 | I18: =ROUND((H18*10%),0) -> 7649 | J18: =ROUND((H18*50%),0) -> 38245 | K18: 1500 | M18: =ROUND((H18*12.5%),0) -> 9561 | P18: 4300 | Q18: 1000 | R18: =SUM(H18:Q18) -> 138745 | S18: =ROUND((H18*10%),0) -> 7649 | T18: 23000 | U18: =ROUND((H18*1%),0) -> 765 | AB18: 250 | AC18: 1760 | AD18: 100 | AE18: 10 | AG18: =SUM(S18:AF18) -> 33534 | AH18: =R18-AG18 -> 105211 | AI18: wRwc 14/48
B19: 9 | C19: 100019 | D19: W.kidzb bvnvi AviRy Aa¨vcK I cwiPvjK GwµWvB‡UW ‡¯‹jt 66000-76490/- wefvMt I‡qU cÖ‡mm BwÄwbqvwis | E19: W.kidzb bvnvi AviRy | F19: Aa¨vcK | G19: 0124100031398 | H19: 76490 | I19: =ROUND((H19*10%),0) -> 7649 | J19: =ROUND((H19*50%),0) -> 38245 | K19: 1500 | M19: =ROUND((H19*12.5%),0) -> 9561 | P19: 4300 | Q19: 0 | R19: =SUM(H19:Q19) -> 137745 | S19: =ROUND((H19*10%),0) -> 7649 | T19: 25000 | U19: =ROUND((H19*1%),0) -> 765 | X19: 0 | Y19: 0 | Z19: 0 | AB19: 0 | AC19: 1135 | AD19: 100 | AE19: 10 | AG19: =SUM(S19:AF19) -> 34659 | AH19: =R19-AG19 -> 103086 | AI19: wRwc 22/48
B20: 10 | C20: 100018 | D20: W. D¤§yj Lv‡qi dv‡Zgv Aa¨vcK I wefvMxq cÖavb ‡¯‹jt 66000-76490/- wefvMt Gbfvqib †g›Uvj mv‡qÝ | E20: W. D¤§yj Lv‡qi dv‡Zgv | F20: Aa¨vcK | G20: 0124100087074 | H20: 76490 | I20: =ROUND((H20*10%),0) -> 7649 | J20: =ROUND((H20*50%),0) -> 38245 | K20: 1500 | M20: =ROUND((H20*12.5%),0) -> 9561 | P20: 4300 | Q20: 0 | R20: =SUM(H20:Q20) -> 137745 | S20: =ROUND((H20*10%),0) -> 7649 | T20: 0 | U20: =ROUND((H20*1%),0) -> 765 | AB20: 0 | AD20: 100 | AE20: 10 | AG20: =SUM(S20:AF20) -> 8524 | AH20: =R20-AG20 -> 129221
B21: 11 | C21: 100103 | D21: W.‡gvt gvmyg Aa¨vcK I wefvMxq cÖavb ‡¯‹jt 56500-74400/- wefvMt †U·UvBj BwÄ: g¨v‡bR‡g›U | E21: W.‡gvt gvmyg | F21: Aa¨vcK | G21: 0124100088406 | H21: 76490 | I21: =ROUND((H21*10%),0) -> 7649 | J21: =ROUND((H21*50%),0) -> 38245 | K21: 1500 | M21: =ROUND((H21*12.5%),0) -> 9561 | P21: 4300 | Q21: 1000 | R21: =SUM(H21:Q21) -> 138745 | S21: =ROUND((H21*10%),0) -> 7649 | U21: =ROUND((H21*1%),0) -> 765 | AB21: 250 | AC21: 2189 | AD21: 100 | AE21: 10 | AG21: =SUM(S21:AF21) -> 10963 | AH21: =R21-AG21 -> 127782
B22: 12 | C22: 100023 | D22: W.†gvt Avnmvb nvexe Aa¨vcK I WxbGes cwi: AvBwKDGwmGes( cÖ‡fv÷ AvwRR nj) ‡¯‹jt 56500-74400/- wefvMt †U·UvBj BwÄ: g¨v‡bR‡g›U | E22: W.†gvt Avnmvb nvexe | F22: Aa¨vcK | G22: 0124100085742 | H22: 68770 | I22: =ROUND((H22*10%),0) -> 6877 | J22: =ROUND((H22*50%),0) -> 34385 | K22: 1500 | L22: 600 | M22: =ROUND((H22*12.5%),0) -> 8596 | P22: 4300 | Q22: 1000 | R22: =SUM(H22:Q22) -> 126028 | S22: =ROUND((H22*10%),0) -> 6877 | T22: 21300 | U22: =ROUND((H22*1%),0) -> 688 | AC22: 1879 | AD22: 100 | AE22: 10 | AG22: =SUM(S22:AF22) -> 30854 | AH22: =R22-AG22 -> 95174 | AI22: wRwc 7/40
B23: 13 | C23: 100106 | D23: W.†gvt mvwgDj Bmjvg †PŠayix Aa¨vcK Ges Wxb ‡¯‹jt 56500-74400/- wefvMt imvqb | E23: W.†gvt mvwgDj Bmjvg †PŠayix | F23: Aa¨vcK | G23: 0124100092373 | H23: 68770 | I23: =ROUND((H23*10%),0) -> 6877 | K23: 1500 | L23: =600/30*4 -> 80 | M23: =ROUND((H23*12.5%/30*4),0) -> 1146 | P23: 4300 | R23: =SUM(H23:Q23) -> 82673 | S23: =ROUND((H23*10%),0) -> 6877 | U23: =ROUND((H23*1%),0) -> 688 | X23: 1080 | Y23: 120 | Z23: 30 | AA23: 1694 | AC23: 1879 | AD23: 100 | AE23: 10 | AG23: =SUM(S23:AF23) -> 12478 | AH23: =R23-AG23 -> 70195 | AJ23: AvMvgx gv‡m `vwqZ¡ fvZv Wxb fvZv wWwjU n‡e |
B24: 14 | C24: 100079 | D24: W.KvwbR dvinvbv Aa¨vcK I wefvMxq cÖavY ‡¯‹jt 56500-74400/- | E24: W.KvwbR dvinvbv | F24: Aa¨vcK | G24: 0124100058589 | H24: 68770 | I24: =ROUND((H24*10%),0) -> 6877 | J24: =ROUND((H24*50%),0) -> 34385 | K24: 1500 | M24: =ROUND((H24*12.5%),0) -> 8596 | P24: 4300 | Q24: 1000 | R24: =SUM(H24:Q24) -> 125428 | S24: =ROUND((H24*10%),0) -> 6877 | T24: 14500 | U24: =ROUND((H24*1%),0) -> 688 | AA24: 0 | AB24: 250 | AC24: 640 | AD24: 100 | AE24: 10 | AG24: =SUM(S24:AF24) -> 23065 | AH24: =R24-AG24 -> 102363 | AI24: wRwc 22/48
B25: 15 | C25: 100012 | D25: wkíx Av³vi Aa¨vcK I cwi: (ewniv½b) Ges Wxb ‡¯‹jt 56500-74400/- wefvMt ‡dweªK BwÄwbqvwis | E25: wkwí Av³vi | F25: Aa¨vcK | G25: 0124100085156 | H25: 68770 | I25: =ROUND((H25*10%),0) -> 6877 | J25: =ROUND((H25*50%),0) -> 34385 | K25: 1500 | L25: 600 | M25: =ROUND((H25*12.5%),0) -> 8596 | P25: 4300 | Q25: 500 | R25: =SUM(H25:Q25) -> 125528 | S25: =ROUND((H25*10%),0) -> 6877 | U25: =ROUND((H25*1%),0) -> 688 | Y25: 0 | Z25: 0 | AA25: 0 | AC25: 389 | AD25: 100 | AE25: 10 | AG25: =SUM(S25:AF25) -> 8064 | AH25: =R25-AG25 -> 117464
B26: 16 | C26: 100022 | D26: W. nvwmbv AvLZvi Aa¨vcK Ges Wxb †¯‹jt 56500-74400/ | E26: W. nvwmbv AvLZvi | F26: Aa¨vcK | G26: 0124100096531 | H26: 66120 | I26: =ROUND((H26*10%),0) -> 6612 | J26: 0 | K26: 1500 | L26: =600/30*26 -> 520 | M26: =ROUND((H26*12.5%),0) -> 8265 | P26: 4300 | Q26: 1000 | R26: =SUM(H26:Q26) -> 88317 | S26: =ROUND((H26*10%),0) -> 6612 | U26: =ROUND((H26*1%),0) -> 661 | X26: 1080 | Y26: 120 | Z26: 30 | AA26: 6886 | AD26: 100 | AE26: 10 | AG26: =SUM(S26:AF26) -> 15499 | AH26: =R26-AG26 -> 72818 | AJ26: AvMvgx gv‡m Wxb fvZv c~Y© n‡e |
B27: 17 | C27: 100039 | D27: W. ‡gvt mvB`y¾vgvb Aa¨vcK ‡¯‹jt 56500-74400/ | E27: W. ‡gvt mvB`y¾vgvb | F27: Aa¨vcK | G27: 0124100095431 | H27: 66120 | I27: =ROUND((H27*10%),0) -> 6612 | J27: 0 | K27: 1500 | L27: 0 | P27: 4300 | Q27: 500 | R27: =SUM(H27:Q27) -> 79032 | S27: =ROUND((H27*10%),0) -> 6612 | T27: 0 | U27: =ROUND((H27*1%),0) -> 661 | X27: 1080 | Y27: 80 | Z27: 30 | AA27: 3202 | AB27: 0 | AC27: 1265 | AD27: 100 | AE27: 10 | AG27: =SUM(S27:AF27) -> 13040 | AH27: =R27-AG27 -> 65992
B28: 18 | C28: 100020 | D28: W. KvImvi cvifxb ‡PŠayix Aa¨vcK ‡¯‹jt 56500-74400/- | E28: KvImvi cvifxb †Pxayix | F28: Aa¨vcK | G28: 0124100049422 | H28: 74400 | I28: =ROUND((H28*10%),0) -> 7440 | J28: =ROUND((H28*50%),0) -> 37200 | K28: 1500 | P28: 4300 | Q28: 0 | R28: =SUM(H28:Q28) -> 124840 | S28: =ROUND((H28*10%),0) -> 7440 | T28: 0 | U28: =ROUND((H28*1%),0) -> 744 | X28: 0 | Y28: 0 | Z28: 0 | AA28: 0 | AC28: 1527 | AD28: 100 | AE28: 10 | AG28: =SUM(S28:AF28) -> 9821 | AH28: =R28-AG28 -> 115019
B29: 19 | C29: 100015 | D29: W. iv‡k`v †eMg w`bv Aa¨vcK I †iwR÷ªvi (AwZ: `vwqZ¡) I Wxb ‡¯‹jt 56500-74400/- | E29: iv‡k`v †eMg w`bv | F29: Aa¨vcK | G29: 0124100085035 | H29: 74400 | I29: =ROUND((H29*10%),0) -> 7440 | J29: =ROUND((H29*50%),0) -> 37200 | K29: 1500 | L29: 600 | M29: =ROUND((H29*12.5%),0) -> 9300 | P29: 4300 | Q29: 1000 | R29: =SUM(H29:Q29) -> 135740 | S29: =ROUND((H29*10%),0) -> 7440 | T29: 25000 | U29: =ROUND((H29*1%),0) -> 744 | AB29: 800 | AC29: 1527 | AD29: 100 | AE29: 10 | AG29: =SUM(S29:AF29) -> 35621 | AH29: =R29-AG29 -> 100119 | AI29: wRwc 7/48
B30: 20 | C30: 100026 | D30: W.‡gvt wiqvRyj Bmjvg Aa¨vcK Ges K‡jR cwik©K ‡¯‹j t 56500-74400/- | E30: W.†gvt wiqvRyj Bmjvg | F30: Aa¨vcK | G30: 0124100085762 | H30: 74400 | I30: =ROUND((H30*10%),0) -> 7440 | J30: =ROUND((H30*50%),0) -> 37200 | K30: 1500 | L30: 0 | P30: 4300 | Q30: 1000 | R30: =SUM(H30:Q30) -> 125840 | S30: =ROUND((H30*10%),0) -> 7440 | T30: 19700 | U30: =ROUND((H30*1%),0) -> 744 | X30: 0 | Y30: 0 | Z30: 0 | AA30: 0 | AB30: 250 | AC30: 1845 | AD30: 100 | AE30: 10 | AG30: =SUM(S30:AF30) -> 30089 | AH30: =R30-AG30 -> 95751 | AI30: wRwc 23/40
B31: 21 | C31: 100027 | D31: W.†gvt Bg`v` miKvi Aa¨vcK I we:cÖavY ‡¯‹jt 56500-74400/- | E31: W.†gvt Bg`v` miKvi | F31: Aa¨vcK | G31: 0124100055557 | H31: 74400 | I31: =ROUND((H31*10%),0) -> 7440 | K31: 1500 | L31: 0 | M31: =ROUND((H31*12.5%),0) -> 9300 | P31: 4300 | Q31: 1000 | R31: =SUM(H31:Q31) -> 97940 | S31: =ROUND((H31*10%),0) -> 7440 | T31: 24000 | U31: =ROUND((H31*1%),0) -> 744 | X31: 1080 | Y31: 120 | Z31: 30 | AA31: 492 | AC31: 1845 | AD31: 100 | AE31: 10 | AG31: =SUM(S31:AF31) -> 35861 | AH31: =R31-AG31 -> 62079 | AI31: wRwc 7/36
B32: 22 | C32: 100041 | D32: W.Bgvbv kvnixb Zvwbqv Aa¨vcK I wefvMxq cÖavb wefvMt I‡qU cÖ‡mm BwÄ: ‡¯‹jt 56500-74400/- | E32: W.Bgvbv kvnixb Zvwbqv | F32: Aa¨vcK | G32: 0124100091838 | H32: 66120 | I32: =ROUND((H32*10%),0) -> 6612 | J32: =ROUND((H32*50%),0) -> 33060 | K32: 1500 | L32: 0 | M32: =ROUND((H32*12.5%),0) -> 8265 | P32: 4300 | Q32: 1000 | R32: =SUM(H32:Q32) -> 120857 | S32: =ROUND((H32*10%),0) -> 6612 | T32: 0 | U32: =ROUND((H32*1%),0) -> 661 | X32: 0 | Y32: 0 | Z32: 0 | AB32: 0 | AC32: 640 | AD32: 100 | AE32: 10 | AG32: =SUM(S32:AF32) -> 8023 | AH32: =R32-AG32 -> 112834
B33: 23 | C33: 100035 | D33: W.jvgBqv Rwni Aa¨vcK I Wxb ‡¯‹jt 56500-74400/- | E33: W.jvgBqv Rwni | F33: Aa¨vcK | G33: 0124100091697 | H33: 66120 | I33: =ROUND((H33*10%),0) -> 6612 | J33: =ROUND((H33*50%),0) -> 33060 | K33: 1500 | L33: 600 | M33: =ROUND((H33*12.5%),0) -> 8265 | P33: 4300 | R33: =SUM(H33:Q33) -> 120457 | S33: =ROUND((H33*10%),0) -> 6612 | U33: =ROUND((H33*1%),0) -> 661 | AC33: 640 | AD33: 100 | AE33: 10 | AG33: =SUM(S33:AF33) -> 8023 | AH33: =R33-AG33 -> 112434
B34: 24 | C34: 100037 | D34: W.‡gvt gvneyeyi ingvb Aa¨vcK I wefvMxq cÖavb Ges cÖ±i Ges cÖ‡fv÷(Imgvbx nj) wefvMt d¨vkb GÛ wWRvBb BwÄ: ‡¯‹j t 56500-74400/- | E34: W.‡gvt gvneyeyi ingvb | F34: Aa¨vcK | G34: 0124100067745 | H34: 66120 | I34: =ROUND((H34*10%),0) -> 6612 | K34: 1500 | L34: 0 | M34: =ROUND((H34*12.5%),0) -> 8265 | P34: 4300 | Q34: 500 | R34: =SUM(H34:Q34) -> 87297 | S34: =ROUND((H34*10%),0) -> 6612 | T34: 0 | U34: =ROUND((H34*1%),0) -> 661 | X34: 1080 | Y34: 80 | Z34: 20 | AA34: 117 | AB34: 0 | AC34: 1265 | AD34: 100 | AE34: 10 | AG34: =SUM(S34:AF34) -> 9945 | AH34: =R34-AG34 -> 77352
B35: 25 | C35: 100033 | D35: W. †kL gvgyb Kwei Aa¨vcK (I‡qU cÖ‡m:BwÄ:) I wefvMxq cÖavb Ges cwi:(c I D) ‡¯‹jt 56500-74400/- | E35: W. †kL gvgyb Kwei | F35: Aa¨vcK | G35: 0124100085782 | H35: 66120 | I35: =ROUND((H35*10%),0) -> 6612 | J35: =ROUND((H35*50%),0) -> 33060 | K35: 1500 | L35: 0 | M35: =ROUND((H35*12.5%),0) -> 8265 | P35: 4300 | R35: =SUM(H35:Q35) -> 119857 | S35: =ROUND((H35*10%),0) -> 6612 | U35: =ROUND((H35*1%),0) -> 661 | X35: 0 | Z35: 0 | AC35: 1549 | AD35: 100 | AE35: 10 | AG35: =SUM(S35:AF35) -> 8932 | AH35: =R35-AG35 -> 110925
B36: 26 | C36: 100013 | D36: W.†gvt Rvwn`yj Bmjvg Aa¨vcK I wefvMxq cÖavb ‡¯‹jt 56500-74400/- | E36: W.†gvt Rvwn`yj Bmjvg | F36: mn‡hvMx Aa¨vcK | G36: 0124100053016 | H36: 74400 | I36: =ROUND((H36*10%),0) -> 7440 | K36: 1500 | M36: =ROUND((H36*12.5%),0) -> 9300 | P36: 4300 | R36: =SUM(H36:Q36) -> 96940 | S36: =ROUND((H36*10%),0) -> 7440 | U36: =ROUND((H36*1%),0) -> 744 | X36: 1080 | Y36: 120 | Z36: 80 | AC36: 2152 | AD36: 100 | AE36: 10 | AG36: =SUM(S36:AF36) -> 11726 | AH36: =R36-AG36 -> 85214
B37: 27 | C37: 100031 | D37: W. Zby Av‡idxb Aa¨vcK I wefvMxq cÖavY ‡¯‹jt 56500-74400/- | E37: W. Zby Av‡idxb | F37: mn‡hvMx Aa¨vcK | G37: 0124100089648 | H37: 68770 | I37: =ROUND((H37*10%),0) -> 6877 | J37: 0 | K37: 1500 | L37: 0 | M37: =ROUND((H37*12.5%/30*26),0) -> 7450 | P37: 4300 | Q37: 1000 | R37: =SUM(H37:Q37) -> 89897 | S37: =ROUND((H37*10%),0) -> 6877 | T37: 0 | U37: =ROUND((H37*1%),0) -> 688 | X37: 1080 | Y37: 80 | Z37: 30 | AA37: 5410 | AC37: 924 | AD37: 100 | AE37: 10 | AG37: =SUM(S37:AF37) -> 15199 | AH37: =R37-AG37 -> 74698 | AJ37: `vwqZ¡fvZv AvMvgxgv‡m c~Y© n‡e |
B38: 28 | C38: 100043 | D38: W.G.wU.Gg. d‡qR Avn‡g` Aa¨vcK †¯‹jt 56500-74400/- | E38: W.G.wU.Gg. d‡qR Avn‡g` | F38: mn‡hvMx Aa¨vcK | G38: 0124801012177 | H38: 66120 | I38: =ROUND((H38*10%),0) -> 6612 | K38: 1500 | L38: 0 | P38: =4300+4300 -> 8600 | Q38: 500 | R38: =SUM(H38:Q38) -> 83332 | S38: =ROUND((H38*10%),0) -> 6612 | T38: 11000 | U38: =ROUND((H38*1%),0) -> 661 | X38: 1080 | Y38: 80 | Z38: 20 | AA38: 2192 | AB38: 0 | AC38: 1265 | AD38: 100 | AE38: 10 | AG38: =SUM(S38:AF38) -> 23020 | AH38: =R38-AG38 -> 60312 | AI38: wRwc 18/48 | AJ38: AvMvgxgv‡m †Uwi‡dvbfvZv 4300 UvKv wWwjU n‡e |
B39: 29 | C39: 100045 | D39: W.‡gvnv¤§` dinv`yi ingvb Aa¨vcK I wefvMxq cÖavb †¯‹jt 56500-74400/- | E39: W.‡gvnv¤§` dinv`yi ingvb | F39: mn‡hvMx Aa¨vcK | G39: 0124801012254 | H39: 61120 | I39: =ROUND((H39*10%),0) -> 6112 | J39: =ROUND((H39*50%),0) -> 30560 | K39: 1500 | M39: =ROUND((H39*12.5%/30*26),0) -> 6621 | P39: 4300 | Q39: 500 | R39: =SUM(H39:Q39) -> 110713 | S39: =ROUND((H39*10%),0) -> 6112 | U39: =ROUND((H39*1%),0) -> 611 | AB39: 250 | AC39: 417 | AD39: 100 | AE39: 10 | AG39: =SUM(S39:AF39) -> 7500 | AH39: =R39-AG39 -> 103213 | AJ39: `vwqZ¡fvZv AvMvgxgv‡m c~Y© n‡e |
B40: 30 | C40: 100055 | D40: W.†gvt byiæb bex Aa¨vcK I mn: cÖ±i †¯‹jt 56500-74400/- | E40: W.†gvt byiæb bex | F40: mn‡hvMx Aa¨vcK | G40: 0124801012489 | H40: 61120 | I40: =ROUND((H40*10%),0) -> 6112 | J40: =ROUND((H40*50%),0) -> 30560 | K40: 1500 | M40: =ROUND((H40*12.5%),0) -> 7640 | P40: 4300 | R40: =SUM(H40:Q40) -> 111232 | S40: =ROUND((H40*10%),0) -> 6112 | U40: =ROUND((H40*1%),0) -> 611 | AC40: 417 | AD40: 100 | AE40: 10 | AG40: =SUM(S40:AF40) -> 7250 | AH40: =R40-AG40 -> 103982
B41: 31 | C41: 100105 | D41: W.‡gvnv¤§` iwdKzi ikx` Aa¨vcK †¯‹jt 56500-74400/- | E41: W.‡gvnv¤§` iwdKzj ikx` | F41: mn‡hvMx Aa¨vcK | G41: 0124801014524 | H41: 58760 | I41: =ROUND((H41*10%),0) -> 5876 | J41: =ROUND((H41*50%),0) -> 29380 | K41: 1500 | P41: 4300 | Q41: 1000 | R41: =SUM(H41:Q41) -> 100816 | S41: =ROUND((H41*10%),0) -> 5876 | U41: =ROUND((H41*1%),0) -> 588 | AB41: 250 | AC41: 417 | AD41: 100 | AE41: 10 | AG41: =SUM(S41:AF41) -> 7241 | AH41: =R41-AG41 -> 93575
D42: mn‡hvMx Aa¨vcK | I42: =ROUND((H42*10%),0) -> 0 | R42: =SUM(H42:Q42) -> 0 | AG42: =SUM(S42:AF42) -> 0 | AH42: =R42-AG42 -> 0
B43: 32 | C43: 100014 | D43: m,g,dvinvbv BKevj mn‡hvMx Aa¨vcK (BqvY©) I jvB‡eªixqvb (AwZ: `vwqZ¡) ‡¯‹jt 50000-71200/- | E43: m. g. dvinvbv BKevj | F43: mn‡hvMx Aa¨vcK | G43: 0124100084127 | H43: 65820 | I43: =ROUND((H43*10%),0) -> 6582 | J43: =ROUND((H43*50%),0) -> 32910 | K43: 1500 | L43: 0 | P43: 3000 | Q43: 0 | R43: =SUM(H43:Q43) -> 109812 | S43: =ROUND((H43*10%),0) -> 6582 | T43: 0 | U43: =ROUND((H43*1%),0) -> 658 | X43: 0 | Y43: 0 | Z43: 0 | AA43: 0 | AB43: 0 | AC43: 1527 | AD43: 100 | AE43: 10 | AG43: =SUM(S43:AF43) -> 8877 | AH43: =R43-AG43 -> 100935
B44: 33 | C44: 100095 | D44: W.Abyc Kzgvi `Ë mn‡hvMx Aa¨vcK †¯‹j t 50,000-71200/- | E44: W.Abyc Kzgvi `I | F44: mn‡hvMx Aa¨vcK | G44: 0124100092363 | H44: 56250 | I44: =ROUND((H44*10%),0) -> 5625 | J44: =ROUND((H44*50%),0) -> 28125 | K44: 1500 | P44: 3000 | Q44: 500 | R44: =SUM(H44:Q44) -> 95000 | S44: =ROUND((H44*10%),0) -> 5625 | U44: =ROUND((H44*1%),0) -> 563 | AB44: 250 | AC44: 992 | AD44: 100 | AE44: 10 | AG44: =SUM(S44:AF44) -> 7540 | AH44: =R44-AG44 -> 87460
B45: 34 | C45: 100032 | D45: W.‡gvt myjZvb gvngy` mn‡hvMx Aa¨vcK (BqvY©) ‡¯‹jt 50,000-71200/- | E45: W.‡gvt myjZvb gvngy` | F45: mn‡hvMx Aa¨vcK | G45: 0124100092041 | H45: 65820 | I45: =ROUND((H45*10%),0) -> 6582 | J45: =ROUND((H45*50%),0) -> 32910 | K45: 1500 | L45: 0 | P45: 3000 | Q45: 500 | R45: =SUM(H45:Q45) -> 110312 | S45: =ROUND((H45*10%),0) -> 6582 | T45: 9000 | U45: =ROUND((H45*1%),0) -> 658 | AC45: 992 | AD45: 100 | AE45: 10 | AG45: =SUM(S45:AF45) -> 17342 | AH45: =R45-AG45 -> 92970 | AI45: wRwc 18/48
B46: 35 | C46: 100034 | D46: W.Avey †gvnv¤§` AvRgj †gv‡k©` mn‡hvMx Aa¨vcK ‡¯‹jt 50,000-71200/- | E46: W. Avey †gvnv¤§` AvRgj †gv‡k©` | F46: mn‡hvMx Aa¨vcK | G46: 0124801013402 | H46: 63280 | I46: =ROUND((H46*10%),0) -> 6328 | J46: =ROUND((H46*50%),0) -> 31640 | K46: 1500 | P46: 3000 | Q46: 1000 | R46: =SUM(H46:Q46) -> 106748 | S46: =ROUND((H46*10%),0) -> 6328 | T46: 10625 | U46: =ROUND((H46*1%),0) -> 633 | X46: 0 | Z46: 0 | AC46: 992 | AD46: 100 | AE46: 10 | AG46: =SUM(S46:AF46) -> 18688 | AH46: =R46-AG46 -> 88060 | AI46: wRwc 29/40
B47: 36 | C47: 100029 | D47: W.w`jviv †nv‡mb mn‡hvMx Aa¨vcK I wefvMxq cÖavY Ges nj cÖ‡fv÷ ‡¯‹jt 50000-71200/- | E47: W.w`jviv †nv‡mb | F47: mn‡hvMx Aa¨vcK | G47: 0124100085893 | H47: 71200 | I47: =ROUND((H47*10%),0) -> 7120 | J47: 0 | K47: 1500 | L47: 0 | M47: =ROUND((H47*12.5%),0) -> 8900 | P47: 3000 | Q47: 500 | R47: =SUM(H47:Q47) -> 92220 | S47: =ROUND((H47*10%),0) -> 7120 | T47: 0 | U47: =ROUND((H47*1%),0) -> 712 | X47: 1080 | Y47: 80 | Z47: 30 | AA47: 1773 | AC47: 775 | AD47: 100 | AE47: 10 | AG47: =SUM(S47:AF47) -> 11680 | AH47: =R47-AG47 -> 80540
B48: 37 | C48: 100021 | D48: W.‡gvt iæKby¾vgvb mn‡hvMx Aa¨vcK I wefvMxq cÖavY Ges AwZ: cwi:(AvBwKDGwm) ‡¯‹jt 50000-71200/- | E48: W.‡gvt iæKby¾vgvb | F48: mn‡hvMx Aa¨vcK | G48: 0124100095844 | H48: 71200 | I48: =ROUND((H48*10%),0) -> 7120 | J48: =ROUND((H48*50%),0) -> 35600 | K48: 1500 | L48: 0 | M48: =ROUND((H48*12.5%),0) -> 8900 | P48: 3000 | Q48: 500 | R48: =SUM(H48:Q48) -> 127820 | S48: =ROUND((H48*10%),0) -> 7120 | T48: 10000 | U48: =ROUND((H48*1%),0) -> 712 | X48: 0 | Y48: 0 | Z48: 0 | AB48: 250 | AC48: 1762 | AD48: 100 | AE48: 10 | AG48: =SUM(S48:AF48) -> 19954 | AH48: =R48-AG48 -> 107866 | AI48: wRwc 15/30
B49: 38 | C49: 100088 | D49: W.‡gvt iv‡k`yj Bmjvg mn‡hvMx Aa¨vcK †¯‹j t 50000-71200/- | E49: W.‡gvt iv‡k`yj Bmjvg | F49: mn‡hvMx Aa¨vcK | G49: 0124801013911 | H49: 56250 | I49: =ROUND((H49*10%),0) -> 5625 | J49: =ROUND((H49*50%),0) -> 28125 | K49: 1500 | P49: 3000 | R49: =SUM(H49:Q49) -> 94500 | S49: =ROUND((H49*10%),0) -> 5625 | U49: =ROUND((H49*1%),0) -> 563 | AD49: 100 | AE49: 10 | AG49: =SUM(S49:AF49) -> 6298 | AH49: =R49-AG49 -> 88202
B50: 39 | C50: 100076 | D50: W. gviwRqv `yjvj mn‡hvMx Aa¨vcK †¯‹j t 50000-71200/- | E50: gviwRqv `yjvj | F50: mnKvix Aa¨vcK | G50: 0124801013614 | H50: 58500 | I50: =ROUND((H50*10%),0) -> 5850 | J50: =ROUND((H50*50%),0) -> 29250 | K50: 1500 | P50: 3000 | R50: =SUM(H50:Q50) -> 98100 | S50: =ROUND((H50*10%),0) -> 5850 | U50: =ROUND((H50*1%),0) -> 585 | AC50: 417 | AD50: 100 | AE50: 10 | AG50: =SUM(S50:AF50) -> 6962 | AH50: =R50-AG50 -> 91138
B51: 40 | C51: 100082 | D51: W.‡gvnv¤§` AveŸvm D`&`xb mn‡hvMx Aa¨vcK †¯‹jt 50000-71200/- | E51: W.‡gvnv¤§` AveŸvm D`&`xb | F51: mnKvix Aa¨vcK | G51: 0124801013975 | H51: 60840 | I51: =ROUND((H51*10%),0) -> 6084 | J51: =ROUND((H51*50%),0) -> 30420 | K51: 1500 | P51: 3000 | R51: =SUM(H51:Q51) -> 101844 | S51: =ROUND((H51*10%),0) -> 6084 | U51: =ROUND((H51*1%),0) -> 608 | AC51: 554 | AD51: 100 | AE51: 10 | AG51: =SUM(S51:AF51) -> 7356 | AH51: =R51-AG51 -> 94488
B52: 41 | C52: 100134 | D52: W.Avn‡g` Rvjvj DwÏb mn‡hvMx Aa¨vcK †¯‹j t 50000-71200/- | E52: W.Avn‡g` Rvjvj DwÏb | F52: mnKvix Aa¨vcK | G52: 0124801015582 | H52: 58500 | I52: =ROUND((H52*10%),0) -> 5850 | J52: =ROUND((H52*50%),0) -> 29250 | K52: 1500 | P52: 3000 | Q52: 1000 | R52: =SUM(H52:Q52) -> 99100 | S52: =ROUND((H52*10%),0) -> 5850 | U52: =ROUND((H52*1%),0) -> 585 | AC52: 417 | AD52: 100 | AE52: 10 | AG52: =SUM(S52:AF52) -> 6962 | AH52: =R52-AG52 -> 92138
B53: 42 | C53: 100090 | D53: W.G.Gb.Gg.gvmy`yi ingvb mn‡hvMx Aa¨vcKt †¯‹jt 50000-71200/- | E53: G.Gb.Gg.gvmy`yi ingvb | F53: mnKvix Aa¨vcK | G53: 0124801014146 | H53: 56250 | I53: =ROUND((H53*10%),0) -> 5625 | J53: =ROUND((H53*50%),0) -> 28125 | K53: 1500 | P53: 3000 | Q53: 1000 | R53: =SUM(H53:Q53) -> 95500 | S53: =ROUND((H53*10%),0) -> 5625 | U53: =ROUND((H53*1%),0) -> 563 | AC53: 417 | AD53: 100 | AE53: 10 | AG53: =SUM(S53:AF53) -> 6715 | AH53: =R53-AG53 -> 88785
B54: wkÿv QzwU‡Z | I54: =ROUND((H54*10%),0) -> 0 | J54: =ROUND((H54*50%),0) -> 0 | R54: =SUM(H54:Q54) -> 0 | AG54: =SUM(S54:AF54) -> 0 | AH54: =R54-AG54 -> 0
B55: 43 | C55: 100025 | D55: W.gvn&gy`v Av³vi Aa¨vcK wefvMt G¨vcv‡ij BwÄwbqvwis ‡¯‹jt 56500-74400/- | E55: W.gvn&gy`v Av³vi | F55: Aa¨vcK | G55: 0124100085752 | H55: 71530 | I55: =ROUND((H55*10%),0) -> 7153 | J55: =ROUND((H55*50%),0) -> 35765 | K55: 1500 | R55: =SUM(H55:Q55) -> 115948 | S55: =ROUND((H55*10%),0) -> 7153 | T55: 21000 | U55: =ROUND((H55*1%),0) -> 715 | AC55: 1220 | AD55: 100 | AE55: 10 | AG55: =SUM(S55:AF55) -> 30198 | AH55: =R55-AG55 -> 85750 | AI55: wRwc 6/48 | AJ55: ‡cv÷ W. wimvm© Gi QzwU
B56: 44 | C56: 100017 | D56: myZcv ‡PŠayix mn‡hvMx Aa¨vcK (d¨vkb) ‡¯‹jt 50000-71200/- wkÿv QzwUt 02/03/2020†_‡K 01/03/2025 | E56: myZcv ‡PŠayix | F56: mn‡hvMx Aa¨vcK | G56: 0124100085045 | I56: =ROUND((H56*10%),0) -> 0 | J56: =ROUND((H56*50%),0) -> 0 | R56: =SUM(H56:Q56) -> 0 | S56: =ROUND((H56*10%),0) -> 0 | U56: =ROUND((H56*1%),0) -> 0 | AG56: =SUM(S56:AF56) -> 0 | AH56: =R56-AG56 -> 0 | AI56: 84 Zg wmwÛ‡K‡Ui wmÏvšÍ Abyhvqx 01/08/2024 †_‡K †eZb fvZv eÜ _vK‡e |
B57: 44 | D57: ivwk` AvbRyg cÖfvlK †¯‹j t 22000-53060/- wkÿvQzwU t 02/01/2020 †_‡K 12/09/2025 | I57: =ROUND((H57*10%),0) -> 0 | AG57: =SUM(S57:AF57) -> 0 | AI57: Av‡e`b K‡i‡Qb †eZb eÜ ivLvi Rb¨
B58: 45 | C58: 100040 | D58: ‡gvt Avey mvC` wek¦vm mnKvix Aa¨vcK ‡¯‹jt 35500-67010/- wkÿvQzwUt 30/12/2019 †_‡K 29/12/2024 | E58: ‡gvt Avey mvC` wek¦vm | F58: mnKvix Aa¨vcK | G58: 0124100096329 | I58: =ROUND((H58*10%),0) -> 0 | AG58: =SUM(S58:AF58) -> 0 | AI58: wmwÛ‡K‡Ui 70 Zg wm×všÍ Abyhvqx †eZb/fvZv eÜ _vK‡e | †deªæqvix-2022|
B59: 46 | C59: 100051 | D59: ‡gvt Avwid BKevj mnKvix Aa¨vcK (‡U·UvBj ) †¯‹jt 35500-67010/- wkÿvQzwU t06/08/2019 ‡_‡K 05/08/2024 | E59: ‡gvt Avwid BKevj | F59: mnKvix Aa¨vcK | G59: 0124801012483 | I59: =ROUND((H59*10%),0) -> 0 | AG59: =SUM(S59:AF59) -> 0 | AI59: wmwÛ‡K‡Ui 82 Zg wm×všÍ Abyhvqx †eZb/fvZv eÜ _vK‡e | Rvbyqvix-2024|
B60: 47 | C60: 100063 | D60: dqmvj Av‡e`xb mnKvix Aa¨vcKt (†dweªK BwÄ:) †¯‹j: 35500-67010/- wkÿvQzwU t06/08/2019 †_‡K 05/08/2024 | E60: dqmvj Av‡e`xb | F60: mnKvix Aa¨vcK | G60: 0124801012952 | I60: =ROUND((H60*10%),0) -> 0 | AG60: =SUM(S60:AF60) -> 0 | AI60: wmwÛ‡K‡Ui 82 Zg wm×všÍ Abyhvqx †eZb/fvZv eÜ _vK‡e | Rvbyqvix-2024|
B61: 48 | C61: 100053 | D61: ‡gvt Avnmvb Avn‡g` mnKvix Aa¨vcK (g¨vKvwbK¨vj) †¯‹jt 35500-67010/- wkÿvQzwU t 26/02/2020 †_‡K 25/02/2025 | E61: ‡gvt Avnmvb Avn‡g` | F61: mnKvix Aa¨vcK | G61: 0124801012493 | I61: =ROUND((H61*10%),0) -> 0 | AG61: =SUM(S61:AF61) -> 0 | AH61: =R61-AG61 -> 0 | AI61: wmwÛ‡K‡Ui 70 Zg wm×všÍ Abyhvqx †eZb/fvZv eÜ _vK‡e | †deªæqvix-2022|
B62: 49 | C62: 100100 | D62: dqmvj Avn‡g` mnKvix Aa¨vcK (‡dweªK) †¯‹jt 35500-67010/- wkÿvQzwU t 04/08/2021 †_‡K 03/08/2026 | E62: dqmvj Avn‡g` | F62: mnKvix Aa¨vcK | G62: 0124801014506 | H62: 37280 | I62: =ROUND((H62*10%),0) -> 3728 | J62: 19500 | K62: 1500 | R62: =SUM(H62:Q62) -> 62008 | S62: =ROUND((H62*10%),0) -> 3728 | U62: =ROUND((H62*1%),0) -> 373 | AC62: 417 | AD62: 100 | AE62: 10 | AG62: =SUM(S62:AF62) -> 4628 | AH62: =R62-AG62 -> 57380
B63: 50 | C63: 100046 | D63: †gvt nviæb-Ai-iwk` mnKvix Aa¨vcK (c`v_©) †¯‹jt 35500-67010/- wkÿvQzwU t1 3/08/2021 †_‡K 12/08/2026 | E63: ‡gvt nviæb-Ai-iwk` | F63: mnKvix Aa¨vcK | G63: 0124801012363 | H63: 41110 | I63: =ROUND((H63*10%),0) -> 4111 | J63: =ROUND((H63*50%),0) -> 20555 | K63: 1500 | L63: 0 | P63: 0 | Q63: 0 | R63: =SUM(H63:Q63) -> 67276 | S63: =ROUND((H63*10%),0) -> 4111 | T63: 0 | U63: =ROUND((H63*1%),0) -> 411 | AC63: 417 | AD63: 100 | AE63: 10 | AG63: =SUM(S63:AF63) -> 5049 | AH63: =R63-AG63 -> 62227
B64: 51 | C64: 100117 | D64: wjsKb cvBK mnKvix Aa¨vcK (c`v_©) †¯‹jt 35500-67010/- wkÿvQzwUt 15/08/2021 †_‡K 14/08/2026 | E64: wjsKb cvBK | F64: mnKvix Aa¨vcK | G64: 0124801014665 | I64: =ROUND((H64*10%),0) -> 0 | AG64: =SUM(S64:AF64) -> 0 | AI64: Av‡e`b K‡i‡Qb †eZb eÜ ivLvi Rb¨
B65: 52 | C65: 100060 | D65: †gvt kvwKiæj Bmjvg mnKvixAa¨vcK †¯‹j: 35500-67010/- wkÿvQzwU t 04/09/2021 ‡_‡K 03/09/2026 Gg.Gmwm Ges wcGBP wW mn 4 eQi QzwU | E65: ‡gvt kvwKiæj Bmjvg | F65: mnKvix Aa¨vcK | G65: 0124801012983 | H65: 39150 | I65: =ROUND((H65*10%),0) -> 3915 | J65: =H65*50% -> 19575 | K65: 1500 | L65: 0 | Q65: 0 | R65: =SUM(H65:Q65) -> 64140 | S65: =ROUND((H65*10%),0) -> 3915 | U65: =ROUND((H65*1%),0) -> 392 | AC65: 417 | AD65: 100 | AE65: 10 | AG65: =SUM(S65:AF65) -> 4834 | AH65: =R65-AG65 -> 59306
B66: 53 | C66: 100070 | D66: ‡gvt †gv¯ÍvwdRyi ingvb mnKvix Aa¨vcK †¯‹j t 35500-67010/- wkÿvQzwU t 08/01/2022 ‡_‡K 07/01/2027 | E66: †gvt †gv¯ÍvwdRyi ingvb | F66: mnKvix Aa¨vcK | G66: 0124801013322 | H66: 41110 | I66: =ROUND((H66*10%),0) -> 4111 | J66: =ROUND((H66*50%),0) -> 20555 | K66: 1500 | R66: =SUM(H66:Q66) -> 67276 | S66: =ROUND((H66*10%),0) -> 4111 | U66: =ROUND((H66*1%),0) -> 411 | AC66: 417 | AD66: 100 | AE66: 10 | AG66: =SUM(S66:AF66) -> 5049 | AH66: =R66-AG66 -> 62227
B67: 54 | C67: 100083 | D67: ‡gvt nvmvb †kL mnKvix Aa¨vcKt †UK&ª: BwÄ: †¯‹j t 35500-67010/- wkÿvQzwU t 3/08/2022 ‡_‡K 2/08/2027 | E67: ‡gvt nvmvb †kL | F67: mnKvix Aa¨vcK | G67: 0124801014200 | H67: 41110 | I67: =ROUND((H67*10%),0) -> 4111 | J67: =ROUND((H67*50%),0) -> 20555 | K67: 1500 | R67: =SUM(H67:Q67) -> 67276 | S67: =ROUND((H67*10%),0) -> 4111 | U67: =ROUND((H67*1%),0) -> 411 | AC67: 417 | AD67: 100 | AE67: 10 | AG67: =SUM(S67:AF67) -> 5049 | AH67: =R67-AG67 -> 62227
B68: 55 | C68: 100109 | D68: mvgviv Bmjvg wbwk mnKvix Aa¨vcK †¯‹jt 35500-67010/- wkÿvQzwUt 12/08/2022 ‡_‡K 11/08/2027 | E68: mvgviv Bmjvg wbwk | F68: mnKvix Aa¨vcK | G68: 0124801014649 | I68: =ROUND((H68*10%),0) -> 0 | AG68: =SUM(S68:AF68) -> 0 | AI68: Av‡e`b K‡i‡Qb †eZb eÜ ivLvi Rb¨
B69: 56 | C69: 100146 | D69: dvinvZzj †Rbvb cÖfvlK (AvBwcB) †¯‹jt 22000-53060/- wkÿvQzwU t 3/08/2022 ‡_‡K 2/08/2027 | E69: dvinvZzj †Rbvb | F69: mnKvix Aa¨vcK | G69: 0124801016389 | I69: =ROUND((H69*10%),0) -> 0 | AG69: =SUM(S69:AF69) -> 0 | AI69: Av‡e`b K‡i‡Qb †eZb eÜ ivLvi Rb¨
B70: 57 | C70: 100133 | D70: ‡mŠif Kzgvi †Nvl mnKvix Aa¨vcK(AvBwcB) †¯‹jt 35500-67010/- wkÿvQzwU t 4/08/2022 ‡_‡K 3/08/2027 | E70: †mŠif Kzgvi †Nvl | F70: mnKvix Aa¨vcK | G70: 0124801015456 | H70: 37280 | I70: =ROUND((H70*10%),0) -> 3728 | J70: 19500 | K70: 1500 | R70: =SUM(H70:Q70) -> 62008 | S70: =ROUND((H70*10%),0) -> 3728 | U70: =ROUND((H70*1%),0) -> 373 | AC70: 417 | AD70: 100 | AE70: 10 | AG70: =SUM(S70:AF70) -> 4628 | AH70: =R70-AG70 -> 57380
B71: 58 | C71: 100132 | D71: ‡mvjvqgvb web Avjx mnKvix Aa¨vcK(I‡qU cÖ‡mm BwÄ) †¯‹jt 35500-67010/- wkÿvQzwU t 9/08/2022 ‡_‡K 8/08/2027 | E71: ‡mvjvqgvb web Avjx | F71: mnKvix Aa¨vcK | G71: 0124801015461 | H71: 37280 | I71: =ROUND((H71*10%),0) -> 3728 | J71: 19500 | K71: 1500 | R71: =SUM(H71:Q71) -> 62008 | S71: =ROUND((H71*10%),0) -> 3728 | U71: =ROUND((H71*1%),0) -> 373 | AC71: 417 | AD71: 100 | AE71: 10 | AG71: =SUM(S71:AF71) -> 4628 | AH71: =R71-AG71 -> 57380
B72: 59 | C72: 100113 | D72: gvCb †gvt Lvqiæj AvKZvi mnKvixAa¨vcK(‡UK&ª:BwÄ:g¨v‡bR‡g›U †¯‹jt 35500-67010/- wkÿvQzwU t 12/08/2022 ‡_‡K 11/08/2027 | E72: gvCb †gvt Lvqiæj AvKZvi | F72: mnKvix Aa¨vcK | G72: 0124801014671 | H72: 39150 | I72: =ROUND((H72*10%),0) -> 3915 | J72: =ROUND((H72*50%),0) -> 19575 | K72: 1500 | R72: =SUM(H72:Q72) -> 64140 | S72: =ROUND((H72*10%),0) -> 3915 | U72: =ROUND((H72*1%),0) -> 392 | AC72: 417 | AD72: 100 | AE72: 10 | AG72: =SUM(S72:AF72) -> 4834 | AH72: =R72-AG72 -> 59306
B73: 60 | C73: 100036 | D73: kixd Avn‡g` mnKvix Aa¨vcK (BqvY©) ‡¯‹jt 35500-67010/- wkÿvQzwU t 2/10/2022 ‡_‡K 1/10/2027 | E73: kixd Avn‡g` | F73: mnKvix Aa¨vcK | G73: 0124100072368 | H73: 47600 | I73: =ROUND((H73*10%),0) -> 4760 | J73: =ROUND((H73*50%),0) -> 23800 | K73: 1500 | L73: 0 | Q73: 0 | R73: =SUM(H73:Q73) -> 77660 | S73: =ROUND((H73*10%),0) -> 4760 | U73: =ROUND((H73*1%),0) -> 476 | AC73: 554 | AD73: 100 | AE73: 10 | AG73: =SUM(S73:AF73) -> 5900 | AH73: =R73-AG73 -> 71760
B74: 61 | C74: 100075 | D74: Avnmvb nvexe mnKvix Aa¨vcK(‡UK&ªUvBj BwÄ:) †¯‹j t 35500-67010/- wkÿvQzwU t 2/10/2022 ‡_‡K 1/10/2027 | E74: Avnmvb nvexe | F74: mnKvix Aa¨vcK | G74: 0124801013615 | H74: 43170 | I74: =ROUND((H74*10%),0) -> 4317 | J74: =ROUND((H74*50%),0) -> 21585 | K74: 1500 | R74: =SUM(H74:Q74) -> 70572 | S74: =ROUND((H74*10%),0) -> 4317 | U74: =ROUND((H74*1%),0) -> 432 | AC74: 417 | AD74: 100 | AE74: 10 | AG74: =SUM(S74:AF74) -> 5276 | AH74: =R74-AG74 -> 65296
B75: 62 | C75: 100087 | D75: gynv¤§` dinv` gvngy` ‡PŠayix mnKvix Aa¨vcKt( Bqvb© ) †¯‹j t 35500-67010/- wkÿvQzwU t 1/10/2022 ‡_‡K 30/9/2027 | E75: gynv¤§` dinv` gvnvgy` †Pxayix | F75: mnKvix Aa¨vcK | G75: 0124801014143 | H75: 41110 | I75: =ROUND((H75*10%),0) -> 4111 | J75: =ROUND((H75*50%),0) -> 20555 | K75: 1500 | Q75: 500 | R75: =SUM(H75:Q75) -> 67776 | S75: =ROUND((H75*10%),0) -> 4111 | U75: =ROUND((H75*1%),0) -> 411 | AC75: 417 | AD75: 100 | AE75: 10 | AG75: =SUM(S75:AF75) -> 5049 | AH75: =R75-AG75 -> 62727
B76: 63 | C76: 100052 | D76: ‡mwjgv myjZvbv wkgy mn: Aa¨vcK I mn cÖ±iGes †¯‹jt 35500-67010/- wkÿvQzwUt 16/10/2022 †_‡K 15/10/2027 | E76: ‡mwjbv myjZvbv wkgy | F76: mnKvix Aa¨vcK | G76: 0124801012510 | H76: 45330 | I76: =ROUND((H76*10%),0) -> 4533 | J76: =ROUND((H76*50%),0) -> 22665 | K76: 1500 | L76: 0 | Q76: 0 | R76: =SUM(H76:Q76) -> 74028 | S76: =ROUND((H76*10%),0) -> 4533 | T76: 0 | U76: =ROUND((H76*1%),0) -> 453 | AC76: 417 | AD76: 100 | AE76: 10 | AG76: =SUM(S76:AF76) -> 5513 | AH76: =R76-AG76 -> 68515
B77: 64 | C77: 100062 | D77: †gvt Avãyyjøvn Avj gvgyb mnKvix Aa¨vcK †¯‹j: 35500-67010/- wkÿvQzwUt 07/11/2022 †_‡K 06/11/2027 | E77: ‡gvt Avãyjøvn Avj gvgyb | F77: mnKvix Aa¨vcK | G77: 0124801012980 | H77: 41110 | I77: =ROUND((H77*10%),0) -> 4111 | J77: =ROUND((H77*50%),0) -> 20555 | K77: 1500 | R77: =SUM(H77:Q77) -> 67276 | S77: =ROUND((H77*10%),0) -> 4111 | U77: =ROUND((H77*1%),0) -> 411 | AC77: 417 | AD77: 100 | AE77: 10 | AG77: =SUM(S77:AF77) -> 5049 | AH77: =R77-AG77 -> 62227
B78: 65 | C78: 100114 | D78: †gvt ‡iRvDj Kwig mnKvix Aa¨vcK(‡UK&ª: BwÄ:g¨v‡b) †¯‹jt 35500-67010/- wkÿvQzwUt 27/12/2022 †_‡K 26/12/2027 | E78: †gvt †iRvDj Kwig | F78: mnKvix Aa¨vcK | G78: 0124801014672 | H78: 39150 | I78: =ROUND((H78*10%),0) -> 3915 | J78: =ROUND((H78*50%),0) -> 19575 | K78: 1500 | R78: =SUM(H78:Q78) -> 64140 | S78: =ROUND((H78*10%),0) -> 3915 | U78: =ROUND((H78*1%),0) -> 392 | AC78: 417 | AD78: 100 | AE78: 10 | AG78: =SUM(S78:AF78) -> 4834 | AH78: =R78-AG78 -> 59306
B79: 66 | C79: 100091 | D79: Av`bvb gviæd Lvb mnKvix Aa¨vcK †¯‹jt 35500-67010/- wkÿvQzwUt 26/05/2023 †_‡K 25/05/2028 | E79: Av`bvb gviæd Lvb | F79: mnKvix Aa¨vcK | G79: 0124801014142 | I79: =ROUND((H79*10%),0) -> 0 | AG79: =SUM(S79:AF79) -> 0 | AI79: Av‡e`b K‡i‡Qb †eZb eÜ ivLvi Rb¨
B80: 67 | C80: 100136 | D80: ‡gvt RvIqv` Be‡b Avwgb mnKvix Aa¨vcK t †¯‹jt 35500-67010/- wkÿvQzwUt 15/07/2023 †_‡K 14/07/2028 | E80: ‡gvt RvIqv` Be‡b Avwgb | F80: mnKvix Aa¨vcK | G80: 0124801013914 | H80: 41110 | I80: =ROUND((H80*10%),0) -> 4111 | J80: =ROUND((H80*50%),0) -> 20555 | K80: 1500 | R80: =SUM(H80:Q80) -> 67276 | S80: =ROUND((H80*10%),0) -> 4111 | U80: =ROUND((H80*1%),0) -> 411 | AC80: 417 | AD80: 100 | AE80: 10 | AG80: =SUM(S80:AF80) -> 5049 | AH80: =R80-AG80 -> 62227
B81: 68 | C81: 100084 | D81: ‡gvQvt Zvwbqv AvK‡UK mnKvix Aa¨vcKt (I‡qU cÖ‡mm) †¯‹j t 35500-67010/- wkÿvQzwUt 01/08/2023 †_‡K 31/07/2028 | E81: ‡gvQvt Zvwbqv AvK‡UK | F81: mnKvix Aa¨vcK | G81: 0124801014096 | H81: 41110 | I81: =ROUND((H81*10%),0) -> 4111 | J81: =ROUND((H81*50%),0) -> 20555 | K81: 1500 | R81: =SUM(H81:Q81) -> 67276 | S81: =ROUND((H81*10%),0) -> 4111 | U81: =ROUND((H81*1%),0) -> 411 | AC81: 417 | AD81: 100 | AE81: 10 | AG81: =SUM(S81:AF81) -> 5049 | AH81: =R81-AG81 -> 62227
B82: 69 | C82: 100071 | D82: ïf eªþ mnKvix Aa¨vcK †¯‹j t 35500-67010/- wkÿvQzwUt 01/08/2023 †_‡K 31/07/2028 | E82: ïf eª² | F82: mnKvix Aa¨vcK | G82: 0124801013362 | H82: 41110 | I82: =ROUND((H82*10%),0) -> 4111 | J82: =ROUND((H82*50%),0) -> 20555 | K82: 1500 | R82: =SUM(H82:Q82) -> 67276 | S82: =ROUND((H82*10%),0) -> 4111 | U82: =ROUND((H82*1%),0) -> 411 | AC82: 417 | AD82: 100 | AE82: 10 | AG82: =SUM(S82:AF82) -> 5049 | AH82: =R82-AG82 -> 62227
B83: 70 | C83: 100073 | D83: Abycg gÛj mn Aa¨vcK †¯‹j t 35500-67010/- wkÿvQzwUt 8/8/2023 ‡_‡K 7/8/2028 | E83: Abycg gÛj | F83: mnKvix Aa¨vcK | G83: 0124801013621 | I83: =ROUND((H83*10%),0) -> 0 | AG83: =SUM(S83:AF83) -> 0 | AI83: Av‡e`b K‡i‡Qb †eZb eÜ ivLvi Rb¨
B84: 71 | C84: 100138 | D84: ZvwiK †iRv †Zvnv cÖfvlK(Kw¤úDUvi ,wUGgwWGg) †¯‹jt 22000-53060/- wkÿvQzwUt 10/8/2023 ‡_‡K 09/08/2028 | E84: ZvwiK †iRv †Zvnv | F84: cÖfvlK (Kw¤úDUvi) | G84: 0124801015496 | I84: =ROUND((H84*10%),0) -> 0 | AG84: =SUM(S84:AF84) -> 0 | AI84: Av‡e`b K‡i‡Qb †eZb eÜ ivLvi Rb¨
B85: 72 | C85: 100149 | D85: myw¯§Zv mvnv cÖfvlK BqvY©©) †¯‹jt 22000-53060/- wkÿvQzwUt 08/8/2023 ‡_‡K 07/08/2028 | E85: myw¯§Zv mvnv | F85: cÖfvlK( BqvY©©) | G85: 0124801017395 | I85: =ROUND((H85*10%),0) -> 0 | AG85: =SUM(S85:AF85) -> 0 | AI85: Av‡e`b K‡i‡Qb †eZb eÜ ivLvi Rb¨
B86: 73 | C86: 100116 | D86: mvw`qv mvjmvwej e„wó mnKvix Aa¨vcK (imvqb) †¯‹jt 35500-67010/- wkÿvQzwUt 20/8/2023 ‡_‡K 19/08/2028 | E86: mvw`qv mvjwej e„wó | F86: mnKvix Aa¨vcK | G86: 0124801014651 | I86: =ROUND((H86*10%),0) -> 0 | AG86: =SUM(S86:AF86) -> 0 | AI86: Av‡e`b K‡i‡Qb †eZb eÜ ivLvi Rb¨
B87: 74 | C87: 100030 | D87: ‡gvt AvQv`y¾vgvb mnKvix Aa¨vcK (†U·UvBj †gwkbvix wWRvBb GÛ †gBb‡Ub¨vÝ) ‡¯‹jt 35500-67010/- wkÿvQzwUt 25/08/2023 †_‡K 24/08/2028 | E87: ‡gvt AvQv`y¾vgvb | F87: mnKvix Aa¨vcK | G87: 0124100089184 | H87: 52480 | I87: =ROUND((H87*10%),0) -> 5248 | J87: =ROUND((H87*50%),0) -> 26240 | K87: 1500 | R87: =SUM(H87:Q87) -> 85468 | S87: =ROUND((H87*10%),0) -> 5248 | U87: =ROUND((H87*1%),0) -> 525 | AC87: 1055 | AD87: 100 | AE87: 10 | AG87: =SUM(S87:AF87) -> 6938 | AH87: =R87-AG87 -> 78530
B88: 75 | C88: 100048 | D88: ‡`Iqvb †gv‡k©` Avn‡g` mnKvix Aa¨vcK (‡dweªK) †¯‹jt 35500-67010/- wkÿvQzwUt 13/10/2023 ‡_‡K 12/10/2028 | E88: ‡`Iqvb †gv‡k©` Avn‡g` | F88: mnKvix Aa¨vcK | G88: 0124801012487 | H88: 47600 | I88: =ROUND((H88*10%),0) -> 4760 | J88: =ROUND((H88*50%),0) -> 23800 | K88: 1500 | L88: 0 | P88: 0 | Q88: 0 | R88: =SUM(H88:Q88) -> 77660 | S88: =ROUND((H88*10%),0) -> 4760 | T88: 11000 | U88: =ROUND((H88*1%),0) -> 476 | X88: 0 | Y88: 0 | Z88: 0 | AC88: 554 | AD88: 100 | AE88: 10 | AG88: =SUM(S88:AF88) -> 16900 | AH88: =R88-AG88 -> 60760 | AI88: wRwc 13/48
B89: 76 | C89: 100061 | D89: G.‡K.Gg AvwkKzi ingvb mnKvix Aa¨vcK I mn:cÖ±i †¯‹j: 35500-67010/- wkÿvQzwUt 02/10/2023 ‡_‡K 01/10/2028 | E89: G †K Gg AvwkKzi ingvb | F89: mnKvix Aa¨vcK | G89: 0124100066866 | H89: 43170 | I89: =ROUND((H89*10%),0) -> 4317 | J89: =ROUND((H89*50%),0) -> 21585 | K89: 1500 | Q89: 1000 | R89: =SUM(H89:Q89) -> 71572 | S89: =ROUND((H89*10%),0) -> 4317 | U89: =ROUND((H89*1%),0) -> 432 | AC89: 417 | AD89: 100 | AE89: 10 | AG89: =SUM(S89:AF89) -> 5276 | AH89: =R89-AG89 -> 66296
B90: 77 | C90: 100072 | D90: †gvt iæ‡ej Lvub mnKvix Aa¨vcK ‡¯‹j t 35500-67010/- wkÿvQzwUt16 /07/2024 ‡_‡K 15/07/2029 | E90: ‡gvt iæ‡ej Lvub | F90: mnKvix Aa¨vcK | G90: 0124801013339 | H90: 45330 | I90: =ROUND((H90*10%),0) -> 4533 | J90: =ROUND((H90*50%),0) -> 22665 | K90: 1500 | R90: =SUM(H90:Q90) -> 74028 | S90: =ROUND((H90*10%),0) -> 4533 | U90: =ROUND((H90*1%),0) -> 453 | AC90: 417 | AD90: 100 | AE90: 10 | AG90: =SUM(S90:AF90) -> 5513 | AH90: =R90-AG90 -> 68515
B91: 78 | C91: 100123 | D91: ‡gvt †Mvjvg wKewiqv mnKvix Aa¨vcK †¯‹jt 35500-67010/- | E91: ‡gvt †Mvjvg wKewiqv | F91: mnKvix Aa¨vcK | G91: 0124801015455 | H91: 41110 | I91: =ROUND((H91*10%),0) -> 4111 | J91: =ROUND((H91*50%),0) -> 20555 | K91: 1500 | R91: =SUM(H91:Q91) -> 67276 | S91: =ROUND((H91*10%),0) -> 4111 | U91: =ROUND((H91*1%),0) -> 411 | AC91: 417 | AD91: 100 | AE91: 10 | AG91: =SUM(S91:AF91) -> 5049 | AH91: =R91-AG91 -> 62227
B92: 79 | C92: 100085 | D92: Dcgv bvmwib nK mnKvix Aa¨vcK †¯‹j t 35500-67010/- wkÿvQzwUt 20/9/2024 †_‡K 19/09/2029 | E92: Dcgv bvmwib nK | F92: mnKvix Aa¨vcK | G92: 0124801014073 | H92: 43170 | I92: =ROUND((H92*10%),0) -> 4317 | J92: =ROUND((H92*50%),0) -> 21585 | K92: 1500 | R92: =SUM(H92:Q92) -> 70572 | S92: =ROUND((H92*10%),0) -> 4317 | T92: 5500 | U92: =ROUND((H92*1%),0) -> 432 | AC92: 417 | AD92: 100 | AE92: 10 | AG92: =SUM(S92:AF92) -> 10776 | AH92: =R92-AG92 -> 59796 | AI92: wRwc 26/48
B93: 80 | C93: 100137 | D93: kvgxgv Av³vi ¯§„wZ mnKvix Aa¨vcK (‡dweªK BwÄ) †¯‹jt 35500-67010/- wkÿv QzwU t 04/10/2024 †_‡K 03/10/2029 | E93: kvgxgv Av³vi ¯§„wZ | F93: mnKvix Aa¨vcK | G93: 0124801015481 | H93: 43170 | I93: =ROUND((H93*10%),0) -> 4317 | J93: =ROUND((H93*50%),0) -> 21585 | K93: 1500 | R93: =SUM(H93:Q93) -> 70572 | S93: =ROUND((H93*10%),0) -> 4317 | T93: 3200 | U93: =ROUND((H93*1%),0) -> 432 | AC93: 417 | AD93: 100 | AE93: 10 | AG93: =SUM(S93:AF93) -> 8476 | AH93: =R93-AG93 -> 62096 | AI93: wRwc 22/48
B94: 81 | C94: 100096 | D94: Bgivb †nv‡mb mnKvix Aa¨vcKt †¯‹jt 35500-67010/- wkÿv QzwU t 04/10/2024 †_‡K 03/10/2029 | E94: Bgivb †nv‡mb | F94: mnKvix Aa¨vcK | G94: 0124801014495 | H94: 43170 | I94: =ROUND((H94*10%),0) -> 4317 | J94: =ROUND((H94*50%),0) -> 21585 | K94: 1500 | R94: =SUM(H94:Q94) -> 70572 | S94: =ROUND((H94*10%),0) -> 4317 | T94: 5800 | U94: =ROUND((H94*1%),0) -> 432 | AC94: 417 | AD94: 100 | AE94: 10 | AG94: =SUM(S94:AF94) -> 11076 | AH94: =R94-AG94 -> 59496 | AI94: wRwc 22/48
B95: 82 | C95: 100147 | D95: Zvbfxi †g‡n`x w`c mnKvix Aa¨vcK (BqvY©) †¯‹jt 35500-67010/- wkÿvQzwUt 18/01/2025‡_‡K 17/01/2030 | E95: Zvbfxi †g‡n`x w`c | F95: mnKvix Aa¨vcK | G95: 0124801016632 | H95: 37280 | I95: =ROUND((H95*10%),0) -> 3728 | J95: 19500 | K95: 1500 | R95: =SUM(H95:Q95) -> 62008 | S95: =ROUND((H95*10%),0) -> 3728 | U95: =ROUND((H95*1%),0) -> 373 | AC95: 417 | AD95: 100 | AE95: 10 | AG95: =SUM(S95:AF95) -> 4628 | AH95: =R95-AG95 -> 57380
B96: 83 | C96: 100151 | D96: Av‡qkv wmwÏKv mnKvix Aa¨vcK (G¨vcv‡ij) †¯‹jt 35500-67010/- | E96: Av‡qkv wmwÏKv | F96: mnKvix Aa¨vcK | G96: 0124100096934 | H96: 39150 | I96: =ROUND((H96*10%),0) -> 3915 | J96: =ROUND((H96*50%),0) -> 19575 | K96: 1500 | R96: =SUM(H96:Q96) -> 64140 | S96: =ROUND((H96*10%),0) -> 3915 | T96: 3300 | U96: =ROUND((H96*1%),0) -> 392 | AD96: 100 | AE96: 10 | AG96: =SUM(S96:AF96) -> 7717 | AH96: =R96-AG96 -> 56423 | AI96: wRwc 11/48
B97: 84 | C97: 100069 | D97: Zvbfxi Avjg mnKvix Aa¨vcK †¯‹j t 35500-67010/- wkÿv QzwU t 10/10/2024 ‡_‡K 09/10/2029 | E97: Zvbfxi Avjg | F97: mnKvix Aa¨vcK | G97: 0124801013308 | H97: 39150 | I97: =ROUND((H97*10%),0) -> 3915 | J97: =ROUND((H97*50%),0) -> 19575 | K97: 1500 | R97: =SUM(H97:Q97) -> 64140 | S97: =ROUND((H97*10%),0) -> 3915 | U97: =ROUND((H97*1%),0) -> 392 | AC97: 417 | AD97: 100 | AE97: 10 | AG97: =SUM(S97:AF97) -> 4834 | AH97: =R97-AG97 -> 59306
B98: 85 | C98: 100153 | D98: mvBdzi ingvb Zzlvi mnKvix Aa¨vcK †¯‹jt 35500-67010/- wkÿvQzwU: 07/08/2025 †_‡K 06/08/2030 | E98: mvBdzi ingvb Zzlvi | F98: mnKvix Aa¨vcK | G98: 0124801017382 | I98: =ROUND((H98*10%),0) -> 0 | J98: =ROUND((H98*50%),0) -> 0 | M98: =ROUND((H98*12.5%),0) -> 0 | R98: =SUM(H98:Q98) -> 0 | S98: =ROUND((H98*10%),0) -> 0 | U98: =ROUND((H98*1%),0) -> 0 | AG98: =SUM(S98:AF98) -> 0 | AH98: =R98-AG98 -> 0 | AI98: Av‡e`b K‡i‡Qb †eZb eÜ ivLvi Rb¨
B99: 86 | C99: 100057 | D99: †gvt gvmyg †iRv mnKvix Aa¨vcK †¯‹jt 35500-67010/- wkÿv QzwU t 26/06/2025 †_‡K 25/06/2030) | E99: ‡gvt gvmyg †iRv | F99: mnKvix Aa¨vcK | G99: 0124801012714 | H99: 47600 | I99: =ROUND((H99*10%),0) -> 4760 | J99: =ROUND((H99*50%),0) -> 23800 | K99: 1500 | L99: 0 | Q99: 0 | R99: =SUM(H99:Q99) -> 77660 | S99: =ROUND((H99*10%),0) -> 4760 | T99: 0 | U99: =ROUND((H99*1%),0) -> 476 | AB99: 0 | AC99: 417 | AD99: 100 | AE99: 10 | AG99: =SUM(S99:AF99) -> 5763 | AH99: =R99-AG99 -> 71897
B100: 87 | C100: 100097 | D100: ‡gvt evkvi DwÏb mnKvix Aa¨vcK †¯‹jt 35500-67010/- wkÿv QzwU t 28/07/2025 †_‡K 26/07/2030) | E100: †gvt evkvi DwÏb | F100: mnKvix Aa¨vcK | G100: 0124801014487 | H100: 45330 | I100: =ROUND((H100*10%),0) -> 4533 | J100: =ROUND((H100*50%),0) -> 22665 | K100: 1500 | R100: =SUM(H100:Q100) -> 74028 | S100: =ROUND((H100*10%),0) -> 4533 | T100: 12500 | U100: =ROUND((H100*1%),0) -> 453 | AB100: 250 | AC100: 417 | AD100: 100 | AE100: 10 | AG100: =SUM(S100:AF100) -> 18263 | AH100: =R100-AG100 -> 55765 | AI100: wRwc 12/24
B101: 88 | C101: 100068 | D101: ‡gvt AvmIqv` Avj nK miKvi mnKvix Aa¨vcK(‡dweªK) †¯‹jt 35500-67010/- wkÿvQzwU: 21/09/2025 †_‡K 20/09/2030 | E101: ‡gvt AvmIqv` Avj nK miKvi | F101: mnKvix Aa¨vcK | G101: 0124801013311 | H101: 47600 | I101: =ROUND((H101*10%),0) -> 4760 | J101: =ROUND((H101*50%),0) -> 23800 | K101: 1500 | Q101: 500 | R101: =SUM(H101:Q101) -> 78160 | S101: =ROUND((H101*10%),0) -> 4760 | T101: 30000 | U101: =ROUND((H101*1%),0) -> 476 | AC101: 417 | AD101: 100 | AE101: 10 | AG101: =SUM(S101:AF101) -> 35763 | AH101: =R101-AG101 -> 42397 | AI101: wRwc 11/13
B102: 89 | C102: 100161 | D102: ‡gvt ‡gvi‡k`yj nK mnKvix Aa¨vcK †¯‹jt 35500-67010/- wkÿvQzwU: 21/09/2025 †_‡K 20/09/2030 | E102: ‡gvt ‡gvi‡k`yj nK | F102: cÖfvlK(Gb:mvBÝ) | G102: 0124801018471 | H102: 37280 | I102: =ROUND((H102*10%),0) -> 3728 | J102: 19500 | K102: 1500 | R102: =SUM(H102:Q102) -> 62008 | S102: =ROUND((H102*10%),0) -> 3728 | U102: =ROUND((H102*1%),0) -> 373 | AD102: 100 | AE102: 10 | AG102: =SUM(S102:AF102) -> 4211 | AH102: =R102-AG102 -> 57797
B103: 90 | C103: 100059 | D103: ZvbwSj nvmvb gvn`x mnKvix Aa¨vcK(‡gKvwbK¨vj) †¯‹jt 35500-67010/- wkÿvQzwU: 21/09/2025 †_‡K 20/09/2030 | E103: ZvbwSj nvmvb gvn`x | F103: mnKvix Aa¨vcK | G103: 0124801012919 | H103: 49980 | I103: =ROUND((H103*10%),0) -> 4998 | J103: =ROUND((H103*50%),0) -> 24990 | K103: 1500 | R103: =SUM(H103:Q103) -> 81468 | S103: =ROUND((H103*10%),0) -> 4998 | U103: =ROUND((H103*1%),0) -> 500 | AC103: 417 | AD103: 100 | AE103: 10 | AG103: =SUM(S103:AF103) -> 6025 | AH103: =R103-AG103 -> 75443
...

Sheet Sheet3
B1: evsjv‡`k †U·UvBj wek¦we`¨vjq
B2: Kg©KZ©v‡`i †eZb-fvZvw`i wej - Ryb 2026|
B4: µt bs | D4: bvg, c`ex I †eZb‡¯‹j | R4: KZ©b mg~n | AG4: bxU `vex | AH4: gšÍe¨
H5: g~j‡eZb | I5: we‡kl myweav | J5: evoxfvov fvZv | K5: wPwKrmv fvZv | L5: we‡kl fvZv/`vwqZ¡ fvZv | O5: ‡Uwj/†gvev fvZv | P5: wk¶v fvZv | Q5: †gvU †eZb | R5: wRwc dvÛ Puv`v | T5: Kj¨vY Znwej | U5: ‡hŠ_ exgv | V5: evoxfvov | W5: M¨vmwej | X5: cvwb I cqtKi | Y5: ‡cŠi Ki | Z5: we`y¨r wej | AA5: Mvox fvov | AB5: AvqKi | AC5: Kg©KZ©v mwgwZi Puv`v | AD5: ivR¯^ ÷¨v¤ú | AE5: AwWU AvcwËK…Z A_© Av`vq/ewaZ© †eZb KZ©b/ †W †Kqvi | AF5: ‡gvU KZ©b
C6: †KvW bs | E6: bvg | F6: c`ex | G6: wnmve bs | R6: Puv`v | S6: AwMÖg cÖZ¨vnvi
B7: 1 | C7: 200002 | D7: gynv¤§` Kvgiæ¾vgvb †PŠayix Dc-cwiPvjK (A_© I wnmve) ‡¯‹jt 50000-71200/- | E7: gynv¤§` Kvgiæ¾vgvb †PŠayix | F7: Dc-cwiPvjK (A_© I wnmve) | G7: 0124100087114 | H7: 71200 | I7: 7120 | J7: 35600 | K7: 1500 | L7: 0 | O7: 3000 | P7: 1000 | Q7: 119420 | R7: 7120 | T7: 712 | W7: 0 | X7: 0 | Y7: 0 | AA7: 250 | AC7: 50 | AD7: 10 | AF7: 8142 | AG7: 111278
B8: 2 | C8: 200003 | D8: †gvt †iRvDj nK cix¶v wbqš¿K (P:`v) ‡¯‹jt 50000-71200/- | E8: †gvt †iRvDj nK | F8: cix¶v wbqš¿K (P:`v) | G8: 0124100086666 | H8: 71200 | I8: 7120 | J8: 35600 | K8: 1500 | L8: 1500 | O8: 3000 | P8: 1000 | Q8: 120920 | R8: 7120 | T8: 712 | W8: 0 | X8: 0 | Y8: 0 | AA8: 250 | AB8: 3512 | AC8: 50 | AD8: 10 | AF8: 11654 | AG8: 109266
B9: 3 | C9: 200005 | D9: ‡gvt gwbiæ¾vgvb Dc- cwiPvjK (AwWU) ‡¯‹jt 43000-69850/- | E9: †gvt gwbiæ¾vgvb | F9: Dc-cwiPvjK (AwWU ) | G9: 0124100086186 | H9: 63960 | I9: 6396 | J9: 31980 | K9: 1500 | Q9: 103836 | R9: 6396 | T9: 640 | AA9: 250 | AB9: 500 | AC9: 50 | AD9: 10 | AF9: 7846 | AG9: 95990 | AH9: &
B10: 4 | C10: 200006 | D10: gynv¤§` kixdzi ingvb ‡WcywU †iwRóªviGBP Avi(AwZ: `vwqZ¡ GKv‡WwgK) ‡¯‹jt 43000-69850/- | E10: gynv¤§` kixdzi ingvb | F10: ‡WcywU †iwR÷ªvi | G10: 0124100086616 | H10: 63960 | I10: 6396 | K10: 1500 | L10: 1500 | P10: 500 | Q10: 73856 | R10: 6396 | T10: 640 | W10: 1080 | X10: 120 | Y10: 30 | Z10: 1936 | AB10: 1853 | AC10: 50 | AD10: 10 | AF10: 12115 | AG10: 61741
B11: 5 | C11: 200007 | D11: ‡gvt †gveviK †nv‡mb Dc- cix¶v wbqš¿K ‡¯‹jt 43000-69850/- | E11: ‡gvt †gveviK †nv‡mb | F11: Dc- cix¶v wbqš¿K | G11: 0124801012014 | H11: 53610 | I11: 5361 | J11: 26805 | K11: 1500 | L11: 0 | P11: 500 | Q11: 87776 | R11: 5361 | T11: 536 | W11: 0 | X11: 0 | Y11: 0 | Z11: 0 | AA11: 250 | AB11: 663 | AC11: 50 | AD11: 10 | AF11: 6870 | AG11: 80906
B12: 6 | C12: 200012 | D12: ¯^cb Kzgvi gÛj Dc- cwiPvjK(wdwRt GWyt) ‡¯‹jt 43000-69850/- | E12: ¯^cb Kzgvi gÛj | F12: Dc- cwiPvjK(wdwRt GWyt) | G12: 0124100087841 | H12: 46970 | I12: 4697 | J12: 0 | K12: 1500 | O12: 0 | P12: 1000 | Q12: 54167 | R12: 4697 | S12: 0 | T12: 470 | W12: 1080 | X12: 120 | Y12: 30 | Z12: 1881 | AA12: 0 | AB12: 417 | AC12: 50 | AD12: 10 | AF12: 8755 | AG12: 45412
B13: 7 | C13: 200057 | D13: D‡¤§ gnwmbv AvwQqv †eMg Dc- cwiPvjK †¯‹jt 43000-69850/- | E13: D‡¤§ gnwmbv AvwQqv †eMg | F13: Dc- cwiPvjK | G13: 0124801014643 | H13: 46970 | I13: 4697 | J13: 23485 | K13: 1500 | P13: 500 | Q13: 77152 | R13: 4697 | T13: 470 | AA13: 250 | AB13: 417 | AC13: 50 | AD13: 10 | AF13: 5894 | AG13: 71258
B14: 8 | C14: 200009 | D14: kviwgb Av³vi Dc- cwiPvjK(m¨vjvix) ‡¯‹jt 43000-69850/- | E14: kviwgb Av³vi | F14: Dc- cwiPvjK(m¨vjvix) | G14: 0124801012979 | H14: 53610 | I14: 5361 | J14: 26805 | K14: 1500 | L14: 0 | P14: 0 | Q14: 87276 | R14: 5361 | T14: 536 | W14: 0 | X14: 0 | Y14: 0 | Z14: 0 | AB14: 417 | AC14: 50 | AD14: 10 | AF14: 6374 | AG14: 80902
B15: 9 | C15: 200017 | D15: gviRvbx Zzeb bvnvi Dc- cix¶v wbqš¿K ‡¯‹j t 43000-69850/- | E15: gviRvbx Zzeb bvnvi | F15: Dc- cix¶v wbqš¿K | G15: 0124100087767 | H15: 44940 | I15: 4494 | J15: 0 | K15: 1500 | L15: 0 | O15: 0 | P15: 1000 | Q15: 51934 | R15: 4494 | S15: 0 | T15: 449 | W15: 1080 | X15: 30 | Y15: 10 | Z15: 2579 | AA15: 0 | AB15: 417 | AC15: 50 | AD15: 10 | AF15: 9119 | AG15: 42815
B16: 10 | C16: 200018 | D16: †gvt Avwmdzi ingvb †cÖvMÖvgvi †¯‹j t 35500-67010/- | E16: ‡gvt Avwmdzi ingvb | F16: †cÖvMÖvgvi | G16: 0124801013618 | H16: 43170 | I16: 4317 | J16: 21585 | K16: 1500 | P16: 500 | Q16: 71072 | R16: 4317 | S16: 5000 | T16: 432 | AB16: 417 | AC16: 50 | AD16: 10 | AF16: 10226 | AG16: 60846 | AH16: wRwc 34/48
B17: 11 | C17: 200056 | D17: ‡kL †gvt gvkiƒi hvqxg wmwbqi mn: cÖ‡KŠkjx (wmwfj) †¯‹jt 35500-67010/- | E17: ‡kL †gvt gvkiƒg hvqxg | F17: wmwbqi mn: cÖ‡KŠkjx (wmwfj) | G17: 0124801013968 | H17: 41110 | I17: 4111 | J17: 20555 | K17: 1500 | Q17: 67276 | R17: 4111 | T17: 411 | AB17: 417 | AC17: 50 | AD17: 10 | AF17: 4999 | AG17: 62277
B18: 12 | C18: 200073 | D18: ‡gvt AvdRvj †nv‡mb wbevnx© cÖ‡KŠkjx 35500-67010/- | E18: ‡gvt AvdRvj †nv‡mb | F18: wbevnx© cÖ‡KŠkjx | G18: 0124801019930 | H18: 39150 | I18: 3915 | J18: 19575 | K18: 1500 | P18: 1000 | Q18: 65140 | R18: 3915 | T18: 392 | AA18: 250 | AB18: 417 | AC18: 50 | AD18: 10 | AF18: 5034 | AG18: 60106
B19: 13 | C19: 200008 | D19: AjK P›`ª †` mnKvix cwiPvjK(ev‡RU) ‡¯‹jt 29000-63410/- | E19: AjK P›`ª †` | F19: mnKvix cwiPvjK(ev‡RU) | G19: 0124100093112 | H19: 40840 | I19: 4084 | J19: 20420 | K19: 1500 | L19: 0 | O19: 0 | P19: 500 | Q19: 67344 | R19: 4084 | S19: 0 | T19: 408 | W19: 0 | X19: 0 | Y19: 0 | Z19: 0 | AA19: 0 | AB19: 417 | AC19: 50 | AD19: 10 | AF19: 4969 | AG19: 62375
B20: 14 | C20: 200026 | D20: ‡nvmvBb †gvnv¤§` AvKei mnKvix cwiPvjK(cÖwKDi‡g›U) ‡¯‹jt 29000-63410/- | E20: ‡nvmvBb †gvnv¤§` AvKei | F20: mnKvix cwiPvjK(cÖwKDi‡g›U) | G20: 0124100089859 | H20: 40840 | I20: 4084 | J20: 20420 | K20: 1500 | L20: 0 | O20: 0 | P20: 0 | Q20: 66844 | R20: 4084 | S20: 0 | T20: 408 | W20: 0 | X20: 0 | Y20: 0 | AA20: 0 | AB20: 417 | AC20: 50 | AD20: 10 | AF20: 4969 | AG20: 61875
B21: 15 | C21: 200027 | D21: BwZgwb mnKvix ‡iwR÷ªvi (GBP Avi) ‡¯‹jt 29000-63410/- | E21: BwZgwb | F21: mnKvix ‡iwR÷ªvi (GBP Avi) | G21: 0124100093059 | H21: 40840 | I21: 4084 | J21: 20420 | K21: 1500 | L21: 0 | O21: 0 | P21: 1000 | Q21: 67844 | R21: 4084 | S21: 9375 | T21: 408 | AA21: 250 | AB21: 417 | AC21: 50 | AD21: 10 | AF21: 14594 | AG21: 53250 | AH21: wRwc 14/48
B22: 16 | C22: 200010 | D22: †gvt dviæKzj Bmjvg †PŠt wmwbqi †UKwbK¨vj Awdmvi ‡¯‹j 29000-53060/- | E22: †gvt dviæKzj Bmjvg †PŠt | F22: wmwbt †UKwbK¨vj Awdmvi (j¨ve) | G22: 0124100056872 | H22: 45040 | I22: 4504 | J22: 0 | K22: 1500 | L22: 0 | O22: 0 | P22: 1000 | Q22: 52044 | R22: 4504 | T22: 450 | W22: 1080 | X22: 30 | Y22: 10 | Z22: 1214 | AA22: 0 | AB22: 417 | AC22: 50 | AD22: 10 | AF22: 7765 | AG22: 44279
B23: 17 | C23: 200015 | D23: ‡nv‡mb knx` miIqv`©x ©wmwbqi †UKwbK¨vj Awdmvi ‡¯‹j : 29000-63410/- | E23: ‡nv‡mb knx` †mviIqv`x© | F23: wmwbt †UKwbK¨vj Awdmvi (j¨ve) | G23: 0124100089436 | H23: 45040 | I23: 4504 | K23: 1500 | L23: 0 | O23: 0 | P23: 500 | Q23: 51544 | R23: 4504 | S23: 0 | T23: 450 | W23: 1080 | X23: 30 | Y23: 10 | Z23: 1199 | AA23: 0 | AB23: 417 | AC23: 50 | AD23: 10 | AF23: 7750 | AG23: 43794
B24: 18 | C24: 200016 | D24: †gvt RvKvwiqv ingvb wmwbqi †UKwbK¨vj Awdmvi ‡¯‹j: 29000-63410/- | E24: ‡gvt RvKvwiqv ingvb | F24: wmwbt †UKwbK¨vj Awdmvi (j¨ve) | G24: 0124100085096 | H24: 42890 | I24: 4289 | J24: 0 | K24: 1500 | L24: 0 | O24: 0 | P24: 1000 | Q24: 49679 | R24: 4289 | S24: 13550 | T24: 429 | W24: 1080 | X24: 30 | Y24: 10 | Z24: 1554 | AA24: 0 | AB24: 417 | AC24: 50 | AD24: 10 | AF24: 21419 | AG24: 28260 | AH24: wRwc 16/48
B25: 19 | C25: 200069 | D25: RvwKiæj Bmjvg wcUvi mnKvix ‡iwR÷ªvi(GKv‡WwgK) ‡¯‹jt 29000-63410/- | E25: RvwKiæj Bmjvg wcUvi | F25: mnKvix ‡iwR÷ªvi (GKv‡WwgK) | G25: 2611201003232 | H25: 33580 | I25: 3358 | J25: 18469 | K25: 1500 | P25: 500 | Q25: 57407 | R25: 3358 | T25: 336 | AB25: 417 | AC25: 50 | AD25: 10 | AF25: 4171 | AG25: 53236
B26: 20 | C26: 200029 | D26: †gvQvt †di‡`Šmx LvZzb mnKvix ‡iwR÷ªvi (GKv‡WwgK) ‡¯‹jt 29000-63410/- | E26: ‡gvQvt †di‡`Šmx LvZzb | F26: mnKvix ‡iwR÷ªvi (GKv‡WwgK) | G26: 0124100097005 | H26: 35260 | I26: 3526 | J26: 0 | K26: 1500 | L26: 0 | O26: 0 | P26: 0 | Q26: 40286 | R26: 3526 | S26: 10000 | T26: 353 | W26: 1080 | X26: 30 | Y26: 10 | Z26: 647 | AA26: 0 | AB26: 417 | AC26: 50 | AD26: 10 | AF26: 16123 | AG26: 24163 | AH26: wRwc 19/33
B27: 21 | C27: 200011 | D27: †gvt Rvnv½xi ‡nv‡mb wmwbqi †UKwbK¨vj Awdmvi ‡¯‹jt 29000-63410/- | E27: †gvt Rvnv½xi ‡nv‡mb | F27: wmwbqi †UKwbK¨vj Awdmvi | G27: 0124100089385 | H27: 42890 | I27: 4289 | K27: 1500 | Q27: 48679 | R27: 4289 | S27: 13650 | T27: 429 | W27: 1080 | X27: 30 | Y27: 10 | Z27: 564 | AB27: 417 | AC27: 50 | AD27: 10 | AF27: 20529 | AG27: 28150 | AH27: wRwc 3/48
B28: 22 | C28: 200054 | D28: iæKmvbv RvbœvZ bIixb mnKvix cwiPvjK (wi‡cvwUs) ‡¯‹jt 29000-63410/- | E28: iæKmvbv RvbœvZ bIwib | F28: mnKvix cwiPvjK (wi‡cvwUs) | G28: 0124801013965 | H28: 37030 | I28: 3703 | J28: 19500 | K28: 1500 | Q28: 61733 | R28: 3703 | T28: 370 | AB28: 417 | AC28: 50 | AD28: 10 | AF28: 4550 | AG28: 57183
B29: 23 | C29: 200055 | D29: ‡gvt kwdKzj Bmjvg mn: cwi: cvewjK : wi‡jkb †¯‹jt 29000-63410/- | E29: ‡gvt kwdKzj Bmjvg | F29: mn: cwi: cvewjK : wi‡jkb | G29: 0124801014068 | H29: 35260 | I29: 3526 | J29: 19393 | K29: 1500 | P29: 500 | Q29: 60179 | R29: 3526 | S29: 6700 | T29: 353 | AB29: 417 | AC29: 50 | AD29: 10 | AF29: 11056 | AG29: 49123 | AH29: wRwc 1/48
B30: 24 | C30: 200019 | D30: ‡gvt Gnmvbyj Kwig mnKvix †iwR÷ªvi †¯‹jt 29000-63410/- | E30: ‡gvt Gnmvbyj Kwig | F30: mnKvix †iwR÷ªvi | G30: 0124100084066 | H30: 35260 | I30: 3526 | J30: 19393 | K30: 1500 | L30: 3000 | O30: 0 | P30: 1000 | Q30: 63679 | R30: 3526 | T30: 353 | AA30: 0 | AB30: 417 | AC30: 50 | AD30: 10 | AF30: 4356 | AG30: 59323
B31: 25 | C31: 200030 | D31: †gvnv¤§` Avwidzi ingvb mnKvix †iwR÷ªvi †¯‹jt 29000-63410/- wkÿvQzwU :01/02/2026 †_‡K 31/01/2030 | E31: ‡gvt Avwidzi ingvb | F31: mnKvix †iwR÷ªvi | G31: 0124801012484 | H31: 33580 | I31: 3358 | J31: 18469 | K31: 1500 | L31: 0 | O31: 0 | P31: 0 | Q31: 56907 | R31: 3358 | S31: 5000 | T31: 336 | W31: 0 | X31: 0 | Y31: 0 | AA31: 250 | AB31: 417 | AC31: 50 | AD31: 10 | AF31: 9421 | AG31: 47486 | AH31: wRwc 21/48 wkÿvQzwU
B32: 26 | C32: 200031 | D32: ‡gvt wejøvj †nv‡mb mnKvix †iwR÷ªvi †¯‹jt 29000-63410/- | E32: ‡gvt wejøvj †nv‡mb | F32: mnKvix †iwR÷ªvi | G32: 0124801012485 | H32: 33580 | I32: 3358 | K32: 1500 | O32: 0 | P32: 500 | Q32: 38938 | R32: 3358 | S32: 8000 | T32: 336 | W32: 1080 | X32: 30 | Y32: 10 | Z32: 889 | AB32: 417 | AC32: 50 | AD32: 10 | AF32: 14180 | AG32: 24758 | AH32: wRwc 14/40
B33: 27 | C33: 200032 | D33: †gvt dviæK †nvmvBb mnKvix †iwR÷ªvi †¯‹jt 29000-63410/- | E33: ‡gvt dviæK †nvmvBb | F33: mnKvix †iwR÷ªvi | G33: 0124801012486 | H33: 33580 | I33: 3358 | K33: 1500 | L33: 0 | O33: 0 | P33: 500 | Q33: 38938 | R33: 3358 | S33: 0 | T33: 336 | W33: 1080 | X33: 30 | Y33: 10 | Z33: 1350 | AA33: 0 | AB33: 417 | AC33: 50 | AD33: 10 | AF33: 6641 | AG33: 32297
B34: 28 | C34: 200061 | D34: †gvt kvgxg Bmjvg mnKvix cwiPvjK †¯‹jt 29000-63410/- | E34: †gvt kvgxg Bmjvg | F34: mnKvix cwiPvjK | G34: 0124801016234 | H34: 33580 | I34: 3358 | J34: 18469 | K34: 1500 | P34: 500 | Q34: 57407 | R34: 3358 | S34: 5000 | T34: 336 | AB34: 417 | AC34: 50 | AD34: 10 | AF34: 9171 | AG34: 48236 | AH34: wRwc 6/40
B35: 29 | C35: 200013 | D35: cjvk P›`ª bv_ wmwbqi†UKwbK¨vj Awdmvi ‡¯‹jt 29000-63410/- | E35: cjvk P›`ª bv_ | F35: wmwbqi†UKwbK¨vj Awdmvi | G35: 0124100032873 | H35: 45040 | I35: 4504 | J35: 22520 | K35: 1500 | L35: 0 | O35: 0 | P35: 1000 | Q35: 74564 | R35: 4504 | S35: 12500 | T35: 450 | AA35: 0 | AB35: 417 | AC35: 50 | AD35: 10 | AF35: 17931 | AG35: 56633 | AH35: wRwc 15/20
B36: 30 | C36: 200062 | D36: Avãyj gwZb †`Iqvb mnKvix cwiPvjK(wej GÛ dvÛ) †¯‹jt 29000- 63410/- | E36: Avãyj gwZb †`Iqvb | F36: mnKvix cwiPvjK(wej GÛ dvÛ) | G36: 0124801016235 | H36: 31980 | I36: 3198 | J36: 17589 | K36: 1500 | Q36: 54267 | R36: 3198 | T36: 320 | AB36: 417 | AC36: 50 | AD36: 10 | AF36: 3995 | AG36: 50272
B37: 31 | C37: 200079 | D37: AvwZKzi ingvb mnKvix cwiPvjK(cwiKíbv) †¯‹jt 29000- 63410/- ‡hvM`vbt 03/07/2025 | E37: AvwZKzi ingvb | F37: mnKvix cwiPvjK(cwiKíbv) | G37: 0124801020972 | H37: 33580 | I37: 3358 | J37: 18469 | K37: 1500 | Q37: 56907 | R37: 3358 | T37: 336 | AB37: 417 | AC37: 50 | AD37: 10 | AF37: 4171 | AG37: 52736
B38: 32 | C38: 200014 | D38: mviwgb Av³vi wmwbqi †UKwbK¨vj Awdmvi †¯‹jt 29000-63410/- | E38: mviwgb Av³vi | F38: †UKwbK¨vj Awdmvi (j¨ve) | G38: 0124100089899 | H38: 45040 | I38: 4504 | K38: 1500 | L38: 0 | O38: 0 | P38: 500 | Q38: 51544 | R38: 4504 | T38: 450 | W38: 1080 | X38: 30 | Y38: 10 | Z38: 1969 | AA38: 0 | AB38: 417 | AC38: 50 | AD38: 10 | AF38: 8520 | AG38: 43024
B39: 33 | C39: 200020 | D39: ‡gvnv¤§` AvjvDwÏb wmwbqi †UKwbK¨vj Awdmvi †¯‹jt 29000-63410/- | E39: ‡gvt AvjvDwÏb | F39: †UKwbK¨vj Awdmvi | G39: 0124100089688 | H39: 33580 | I39: 3358 | J39: 0 | K39: 1500 | L39: 0 | O39: 0 | P39: 1000 | Q39: 39438 | R39: 3358 | S39: 11000 | T39: 336 | W39: 1080 | X39: 30 | Y39: 10 | Z39: 942 | AA39: 0 | AB39: 417 | AC39: 50 | AD39: 10 | AF39: 17233 | AG39: 22205 | AH39: wRwc 10/48
B40: 34 | C40: 200021 | D40: gxi ‡gvt Avwgbyj BKivg †UKwbK¨vj Awdmvi ‡¯‹j 29000-63410/- | E40: gxi ‡gvt Avwgbyj BKivg | F40: †UKwbK¨vj Awdmvi | G40: 0124100069865 | H40: 57510 | I40: 5751 | K40: 1500 | O40: 0 | P40: 1000 | Q40: 65761 | R40: 5751 | T40: 575 | W40: 1080 | X40: 30 | Y40: 10 | Z40: 4080 | AB40: 1013 | AC40: 50 | AD40: 10 | AF40: 12599 | AG40: 53162
B41: 35 | C41: 200024 | D41: ‡gvnv¤§` †Zvdv‡qj †nv‡mb Lvb †UKwbK¨vj Awdmvi ‡¯‹j t 22000-53060/- | E41: ‡gvt †Zvdv‡qj †nv‡mb Lvb | F41: †UKwbK¨vj Awdmvi | G41: 0124100089739 | H41: 30990 | I41: 3099 | J41: 0 | K41: 1500 | L41: 0 | O41: 0 | P41: 1000 | Q41: 36589 | R41: 3099 | S41: 0 | T41: 310 | W41: 1080 | X41: 30 | Y41: 10 | Z41: 2184 | AA41: 0 | AB41: 417 | AC41: 50 | AD41: 10 | AF41: 7190 | AG41: 29399
B42: 36 | C42: 200025 | D42: ‡gvt BDbyQ Avjx †UKwbK¨vj Awdmvi ‡¯‹j t 22000-53060/- | E42: ‡gvt BDbyQ Avjx | F42: †UKwbK¨vj Awdmvi | G42: 0124100089819 | H42: 30990 | I42: 3099 | J42: 0 | K42: 1500 | L42: 0 | O42: 0 | P42: 500 | Q42: 36089 | R42: 3099 | S42: 10625 | T42: 310 | W42: 1080 | X42: 30 | Y42: 10 | Z42: 1881 | AA42: 0 | AB42: 417 | AC42: 50 | AD42: 10 | AF42: 17512 | AG42: 18577 | AH42: wRwc 7/48
B43: 37 | C43: 200028 | D43: Avt ev‡iK wgqv †UKwbK¨vj Awdmvi ‡¯‹j t 22000-53060/- | E43: Avt ev‡iK wgqv | F43: †UKwbK¨vj Awdmvi | G43: 0124100085944 | H43: 30990 | I43: 3099 | J43: 0 | K43: 1500 | L43: 0 | O43: 0 | P43: 1000 | Q43: 36589 | R43: 3099 | S43: 2100 | T43: 310 | W43: 1080 | X43: 30 | Y43: 10 | Z43: 1078 | AA43: 0 | AB43: 417 | AC43: 50 | AD43: 10 | AF43: 8184 | AG43: 28405 | AH43: wRwc 5/48
B44: 38 | C44: 200033 | D44: ‡gvt AvLjvKzi ingvb †UKwbK¨vj Awdmvi ‡¯‹j t 22000-53060/- | E44: ‡gvt AvLjvKzi ingvb | F44: †UKwbK¨vj Awdmvi | G44: 0124801013230 | H44: 28100 | I44: 2810 | J44: 15455 | K44: 1500 | L44: 0 | O44: 0 | P44: 0 | Q44: 47865 | R44: 2810 | S44: 0 | T44: 281 | W44: 0 | X44: 0 | Y44: 0 | AA44: 0 | AB44: 417 | AC44: 50 | AD44: 10 | AF44: 3568 | AG44: 44297
B45: 39 | C45: 200036 | D45: gvndzRv ‡eMg †mKkb Awdmvi ‡¯‹j t 22000-53060/- | E45: gvndzRv ‡eMg | F45: †mKkb Awdmvi | G45: 0124100010857 | H45: 29510 | I45: 2951 | K45: 1500 | Q45: 33961 | R45: 2951 | T45: 295 | W45: 1080 | X45: 30 | Y45: 10 | Z45: 3069 | AC45: 50 | AD45: 10 | AF45: 7495 | AG45: 26466
B46: 40 | C46: 200039 | D46: ‡gvt mvnv`vZ †nv‡mb †mKkb Awdmvi ‡¯‹j t 22000-53060/- | E46: ‡gvt mvnv`vZ †nv‡mb | F46: †mKkb Awdmvi | G46: 0124100063454 | H46: 28100 | I46: 2810 | K46: 1500 | P46: 1000 | Q46: 33410 | R46: 2810 | S46: 5000 | T46: 281 | W46: 1080 | X46: 30 | Y46: 10 | Z46: 2225 | AC46: 50 | AD46: 10 | AF46: 11496 | AG46: 21914 | AH46: wRwc 6/28
B47: 41 | C47: 200040 | D47: LvZzb-B-RvbœvZ †mKkb Awdmvi ‡¯‹j t 22000-53060/- | E47: Rbve LvZzb-B-RvbœvZ | F47: †mKkb Awdmvi | G47: 0124100090233 | H47: 28100 | I47: 2810 | J47: 15455 | K47: 1500 | P47: 1000 | Q47: 48865 | R47: 2810 | S47: 4200 | T47: 281 | AA47: 250 | AC47: 50 | AD47: 10 | AF47: 7601 | AG47: 41264 | AH47: wRwc 17/48
B48: 42 | C48: 200041 | D48: ‡gvnv¤§` Lv‡j` †nv‡mb †mKkb Awdmvi ‡¯‹j t 22000-53060/- | E48: ‡gvnv¤§` Lv‡j` †nv‡mb | F48: †mKkb Awdmvi | G48: 0124100088729 | H48: 28100 | I48: 2810 | K48: 1500 | Q48: 32410 | R48: 2810 | T48: 281 | W48: 1080 | X48: 30 | Y48: 10 | Z48: 1554 | AB48: 417 | AC48: 50 | AD48: 10 | AF48: 6242 | AG48: 26168
B49: 43 | C49: 200042 | D49: ‡gvt AvwRRyj nK Lv‡j` †mKkb Awdmvi ‡¯‹j t 22000-53060/- | E49: ‡gvt AvwRRyj nK Lv‡j` | F49: †mKkb Awdmvi | G49: 0124100093009 | H49: 28100 | I49: 2810 | K49: 1500 | P49: 1000 | Q49: 33410 | R49: 2810 | S49: 5000 | T49: 281 | W49: 1080 | X49: 30 | Y49: 10 | Z49: 2419 | AB49: 417 | AC49: 50 | AD49: 10 | AF49: 12107 | AG49: 21303 | AH49: wRwc 21/40
B50: 44 | C50: 200043 | D50: †gvt AvZvDi ingvb †UKwbK¨vj Awdmvi ‡¯‹j t 22000-53060/- | E50: †gvt AvZvDi ingvb | F50: ‡UKwbK¨vj Awdmvi | G50: 0124100045393 | H50: 39570 | I50: 3957 | K50: 1500 | Q50: 45027 | R50: 3957 | T50: 396 | W50: 1080 | X50: 30 | Y50: 10 | Z50: 2136 | AB50: 417 | AC50: 50 | AD50: 10 | AF50: 8086 | AG50: 36941
B51: 45 | C51: 200044 | D51: ‡gvt Ave`yi iv¾vK ‡UKwbK¨vj Awdmvi ‡¯‹j t 22000-53060/- | E51: ‡gvt Ave`yi iv¾vK | F51: ‡UKwbK¨vj Awdmvi | G51: 0124100089355 | H51: 39570 | I51: 3957 | J51: 19785 | K51: 1500 | Q51: 64812 | R51: 3957 | T51: 396 | AB51: 417 | AC51: 50 | AD51: 10 | AF51: 4830 | AG51: 59982
B52: 46 | C52: 200051 | D52: Avey Qv‡jn †gvt Rûiæj nK G¨vwmm: †gBb:BwÄ ‡¯‹j t 22000-53060/- | E52: Avey mv‡jn †gvt Rûiæj nK | F52: G¨vwmm: †gBb:BwÄ | G52: 0124801012801 | H52: 28100 | I52: 2810 | K52: 1500 | Q52: 32410 | R52: 2810 | S52: 4090 | T52: 281 | W52: 1080 | X52: 30 | Y52: 10 | Z52: 1267 | AB52: 417 | AC52: 50 | AD52: 10 | AF52: 10045 | AG52: 22365 | AH52: wRwc 29/48
B53: 47 | C53: 200063 | D53: ‡gvt Beªvwng Lwjj ‡UKwbK¨vj Awdmvi ‡¯‹j t 22000-53060/- | E53: ‡gvt Beªvwng Lwjj | F53: ‡UKwbK¨vj Awdmvi | G53: 0124801018527 | H53: 28100 | I53: 2810 | J53: 15455 | K53: 1500 | Q53: 47865 | R53: 2810 | T53: 281 | AB53: 417 | AC53: 50 | AD53: 10 | AF53: 3568 | AG53: 44297
B54: 48 | C54: 200050 | D54: ‡gvt igRvb Avjx ZvjyK`vi mntcÖ‡KŠkjx(wmwfj) †¯‹jt 22000-53060/- | E54: ‡gvt igRvb Avjx ZvjyK`vi | F54: mnt cÖ‡KŠkjx (wmwfj) | G54: 0124801013310 | H54: 26760 | I54: 2676 | J54: 14718 | K54: 1500 | Q54: 45654 | R54: 2676 | S54: 5500 | T54: 268 | AC54: 50 | AD54: 10 | AF54: 8504 | AG54: 37150 | AH54: wRwc 9/48
B55: 49 | C55: 200058 | D55: Avnbvd Avex` gg †UK:Awdmvi †¯‹jt 22000-53060/- | E55: Avnbvd Avex` gg | F55: †UK:Awdmvi | G55: 0124801015620 | H55: 26760 | I55: 2676 | J55: 14718 | K55: 1500 | P55: 500 | Q55: 46154 | R55: 2676 | T55: 268 | AA55: 250 | AC55: 50 | AD55: 10 | AF55: 3254 | AG55: 42900
B56: 50 | C56: 300005 | D56: Bfv Av³vi ‡mKkb Awdmvi †¯‹jt 22000-53060/- | E56: Rbve Bfv Av³vi | F56: ‡mKkb Awdmvi | G56: 0124801012708 | H56: 24260 | I56: 2426 | J56: 13343 | K56: 1500 | P56: 500 | Q56: 42029 | R56: 2426 | T56: 243 | AA56: 250 | AC56: 50 | AD56: 10 | AF56: 2979 | AG56: 39050
B57: 51 | C57: 200077 | D57: ‡gvt bvRgyj nvmvb ev‡RU GÛ GKvD›Um Awdmvi †¯‹jt 22000-53060/- †hvM`vb t 15/02/2024 | E57: ‡gvt bvRgyj nvmvb | F57: ev‡RU GÛ GKvD›Um Awdmvi | G57: 0110701005228 | H57: 24260 | I57: 2426 | J57: 13343 | K57: 1500 | P57: 500 | Q57: 42029 | R57: 2426 | T57: 243 | AC57: 50 | AD57: 10 | AF57: 2729 | AG57: 39300
B58: 52 | C58: 200060 | D58: iæ‡ej ivbv Gwmm‡U›U †gBwUb¨vÝ BwÄwbqvi †¯‹jt 22000-53060/- | E58: iæ‡ej ivbv | F58: Gwmm‡U›U †gBwUb¨vÝ BwÄwbqvi | G58: 0124801015834 | H58: 24260 | I58: 2426 | J58: 13343 | K58: 1500 | Q58: 41529 | R58: 2426 | S58: 2250 | T58: 243 | AC58: 50 | AD58: 10 | AF58: 4979 | AG58: 36550 | AH58: wRwc 23/48
B59: 53 | C59: 200059 | D59: wicb ZvjyK`vi †UK:Awdmvi(‡gKvwbK¨vj) †¯‹jt22000-53060/- | E59: wicb ZvjyK`vi | F59: †UK:Awdmvi(‡gKvwbK¨vj) | G59: 0124801015512 | H59: 24260 | I59: 2426 | J59: 13343 | K59: 1500 | Q59: 41529 | R59: 2426 | T59: 243 | AC59: 50 | AD59: 10 | AF59: 2729 | AG59: 38800
B60: 54 | C60: 200048 | D60: ‡gvt Avey mvqx` †UKwbK¨vj Awdmvi ‡¯‹j t 22000-53060/- | E60: ‡gvt Avey mvqx` | F60: ‡UKwbK¨vj Awdmvi | G60: 0124100055641 | H60: 26760 | I60: 2676 | K60: 1500 | Q60: 30936 | R60: 2676 | T60: 268 | W60: 1080 | X60: 30 | Y60: 10 | Z60: 2587 | AC60: 50 | AD60: 10 | AF60: 6711 | AG60: 24225
B61: 55 | C61: 200078 | D61: dv‡Zgv bymivZ ‡mKkb Awdmvi †¯‹jt 22000-53060/- ‡hvM`vb t 17/03/2025 | E61: dv‡Zgv bymivZ | F61: ‡mKkb Awdmvi | G61: 0124801020805 | H61: 23100 | I61: 2310 | J61: 12705 | K61: 1500 | Q61: 39615 | R61: 2310 | T61: 231 | AC61: 50 | AD61: 10 | AF61: 2601 | AG61: 37014
B62: 56 | C62: 300001 | D62: dvinvbv Av³vi ‡mKkb Awdmvi †¯‹jt 22000-53060/- | E62: dvinvbv Av³vi | F62: cÖkvmwbK Kg©KZ©v | G62: 0124801012142 | H62: 23100 | I62: 2310 | J62: 12705 | K62: 1500 | P62: 1000 | Q62: 40615 | R62: 2310 | T62: 231 | AC62: 50 | AD62: 10 | AF62: 2601 | AG62: 38014
B63: 57 | C63: 300009 | D63: RvwKqv Av³vi ‡mKkb Awdmvi †¯‹jt 22000-530/- | E63: RvwKqv Av³vi | F63: cÖkvmwbK Kg©KZ©v | G63: 0124100090607 | H63: 23100 | I63: 2310 | J63: 12705 | K63: 1500 | Q63: 39615 | R63: 2310 | T63: 231 | AA63: 250 | AC63: 50 | AD63: 10 | AF63: 2851 | AG63: 36764
B64: 58 | C64: 300092 | D64: we.Gg kwn`yj Bmjvg ‡mKkb Awdmvi †¯‹jt 22000-53060/- | E64: we.Gg kwn`yj Bmjvg | F64: cÖkvmwbK Kg©KZ©v | G64: 0124801014633 | H64: 23100 | I64: 2310 | J64: 12705 | K64: 1500 | P64: 500 | Q64: 40115 | R64: 2310 | T64: 231 | AA64: 250 | AC64: 50 | AD64: 10 | AF64: 2851 | AG64: 37264
B65: 59 | C65: 200080 | D65: Wv t cvifxb myjZvbv ‡gwWK¨vj Awdmvi ‡¯‹j: 22000-53060/- | E65: W.cvifxb myjZvbv | F65: ‡gwWK¨vj Awdmvi | G65: 0124801021005 | H65: 24260 | I65: 2426 | J65: 13343 | K65: 1500 | Q65: 41529 | R65: 2426 | T65: 243 | AC65: 50 | AD65: 10 | AF65: 2729 | AG65: 38800
B66: 60 | C66: 200047 | D66: ‡gvt †Lv‡k©` Avjg †UKwbK¨vj Awdmvi ‡¯‹jt 22000-53060/- | E66: ‡gvt †Lv‡k©` Avjg | F66: mnKvix ‡UKwbK¨vj Awdmvi | G66: 0124100030954 | H66: 26760 | I66: 2676 | K66: 1500 | Q66: 30936 | R66: 2676 | T66: 268 | W66: 1080 | X66: 30 | Y66: 10 | Z66: 1602 | AC66: 50 | AD66: 10 | AF66: 5726 | AG66: 25210
B67: 61 | C67: 200049 | D67: ‡gvt eveyj AvLZvi †UKwbK¨vj Awdmvi †¯‹j t 22000-53060/- | E67: ‡gvt eveyj AvLZvi | F67: mnKvix ‡UKwbK¨vj Awdmvi | G67: 0124100047483 | H67: 26760 | I67: 2676 | K67: 1500 | L67: 1500 | Q67: 32436 | R67: 2676 | S67: 5000 | T67: 268 | W67: 1080 | X67: 30 | Y67: 10 | Z67: 1578 | AC67: 50 | AD67: 10 | AF67: 10702 | AG67: 21734 | AH67: wRwc 23/40
B68: 62 | C68: 200067 | D68: ‡gvt iIkvby¾vgvb Kvbb †UKwbK¨vj Awdmvi †¯‹jt 22000-53060/- †hvM`vb t 18/05/2022 | E68: ‡gvt iIkvby¾vgvb Kvbb | F68: mnKvix †UK: Awdmvi | G68: 0124801018475 | H68: 22000 | I68: 2200 | K68: 1500 | Q68: 25700 | R68: 2200 | T68: 220 | W68: 1080 | X68: 30 | Y68: 10 | Z68: 1040 | AC68: 50 | AD68: 10 | AF68: 4640 | AG68: 21060
B69: 63 | C69: 200068 | D69: ‡gvt Kvgiæ¾vgvb †UKwbK¨vj Awdmvi †¯‹jt 22000-53060/- †hvM`vb t 31/05/2022 | E69: ‡gvt Kvgiæ¾vgvb | F69: mnKvix †UK: Awdmvi | G69: 0124801018521 | H69: 22000 | I69: 2200 | J69: 12100 | K69: 1500 | Q69: 37800 | R69: 2200 | T69: 220 | AA69: 250 | AC69: 50 | AD69: 10 | AF69: 2730 | AG69: 35070
B70: 64 | C70: 200066 | D70: ‡gvt ‡gv¾v‡gj nK †UKwbK¨vj Awdmvi †¯‹jt 22000-53060/- †hvM`vb t 1/06/2022 | E70: ‡gvt ‡gv¾v‡gj nK | F70: mnKvix †UK: Awdmvi | G70: 0124801018518 | H70: 22000 | I70: 2200 | J70: 12100 | K70: 1500 | Q70: 37800 | R70: 2200 | T70: 220 | AC70: 50 | AD70: 10 | AF70: 2480 | AG70: 35320
B71: 65 | C71: 200070 | D71: bvQwib Av³vi GKvD›Um Awdmvi †¯‹jt 22000-53060/- †hvM`vb t 4/07/2022 | E71: bvQwib Av³vi | F71: mnKvix GKvD›Um Awdmvi | G71: 0124801018571 | H71: 22000 | I71: 2200 | J71: 12100 | K71: 1500 | Q71: 37800 | R71: 2200 | T71: 220 | AC71: 50 | AD71: 10 | AF71: 2480 | AG71: 35320
B72: 66 | C72: 200071 | D72: ‡gvt Avwidzj Bmjvg †UKwbK¨vj Awdmvi †¯‹jt 22000-53060 †hvM`vb t 4/07/2022Acivý | E72: ‡gvt Avwidzj Bmjvg | F72: mnKvix †UK: Awdmvi | G72: 0124801018574 | H72: 22000 | I72: 2200 | J72: 12100 | K72: 1500 | Q72: 37800 | R72: 2200 | T72: 220 | AC72: 50 | AD72: 10 | AF72: 2480 | AG72: 35320
B73: 67 | C73: 300003 | D73: MxZv ivYx Kg©Kvi ‡mKkb Awdmvi †¯‹jt 22000-53060/- | E73: MxZv ivYx Kg©Kvi | F73: cÖkvmwbK Kg©KZ©v | G73: 0124801012441 | H73: 22000 | I73: 2200 | J73: 12100 | K73: 1500 | P73: 1000 | Q73: 38800 | R73: 2200 | S73: 5000 | T73: 220 | AC73: 50 | AD73: 10 | AF73: 7480 | AG73: 31320 | AH73: wRwc 11/30
B74: 68 | C74: 200064 | D74: mvjvn DwÏb †UK: Awdmvi †¯‹jt 22000-53060/- | E74: mvjvn DwÏb | F74: mnKvix †UK: Awdmvi | G74: 0124801018483 | H74: 22000 | I74: 2200 | J74: 12100 | K74: 1500 | Q74: 37800 | R74: 2200 | T74: 220 | AC74: 50 | AD74: 10 | AF74: 2480 | AG74: 35320
B75: 69 | C75: 200065 | D75: ‡gvt Zvbfxi Avn‡g` †mŠif †UK: Awdmvi †¯‹jt 22000-53060/- | E75: ‡gvt Zvbfxi Avn‡g` †mŠif | F75: mnKvix †UK: Awdmvi | G75: 0124801018484 | H75: 22000 | I75: 2200 | J75: 12100 | K75: 1500 | Q75: 37800 | R75: 2200 | T75: 220 | AC75: 50 | AD75: 10 | AF75: 2480 | AG75: 35320
B76: 70 | C76: 300108 | D76: gywneŸyi ingvb AwWU GÛ GKv: Awdmvi †¯‹jt 22000-53060/- | E76: gywneŸyi ingvb | F76: mnKvix AwWU GÛ GKv: Awdmvi | G76: 0124801015069 | H76: 22000 | I76: 2200 | J76: 12100 | K76: 1500 | Q76: 37800 | R76: 2200 | T76: 220 | AC76: 50 | AD76: 10 | AF76: 2480 | AG76: 35320
B77: 71 | C77: 300012 | D77: Bgivbyj nvmvb ‡mKkb Awdmvi †¯‹jt 22000-53060/- | E77: Bgivbyj nvmvb | F77: cÖkvmwbK Kg©KZ©v | G77: 0124801013414 | H77: 22000 | I77: 2200 | K77: 1500 | P77: 1000 | Q77: 26700 | R77: 2200 | T77: 220 | W77: 1080 | X77: 30 | Y77: 10 | Z77: 549 | AC77: 50 | AD77: 10 | AF77: 4149 | AG77: 22551
B78: 72 | C78: 300114 | D78: ‡gvt gvmy` ivbv wnmveiÿY Kg©KZ©v †¯‹jt 22000-53060/- | E78: ‡gvt gvmy` ivbv | F78: mnKvix wnmveiÿY Kg©KZ©v | G78: 0124801015561 | H78: 22000 | I78: 2200 | J78: 12100 | K78: 1500 | P78: 500 | Q78: 38300 | R78: 2200 | S78: 2700 | T78: 220 | AA78: 250 | AC78: 50 | AD78: 10 | AF78: 5430 | AG78: 32870 | AH78: wRwc 5/48
B79: 73 | D79: ‡gvt kvn& Kvgvj wnmveiÿY Kg©KZ©v †¯‹jt 22000-53060/- ‡hvM`vb : 03/05/2026 | E79: ‡gvt kvn& Kvgvj | F79: wnmveiÿY Kg©KZ©v | G79: 0124801021441 | H79: 23100 | I79: 2310 | J79: 12705 | K79: 1500 | Q79: 39615 | R79: 2310 | T79: 231 | AC79: 50 | AD79: 10 | AF79: 2601 | AG79: 37014
D80: 2q †kÖbx
B81: 74 | C81: 300015 | D81: ‡gvt gÄyi Avjg mnKvix †UK:Awdmvi(cv¤ú) †¯‹jt 16000-38640/- | E81: ‡gvt gÄyi Avjg | F81: mnt †UKwbK¨vj Awdmvi(cv¤ú) | G81: 0124100059962 | H81: 24870 | I81: 3731 | K81: 1500 | P81: 500 | Q81: 30601 | R81: 2487 | T81: 249 | W81: 1080 | X81: 30 | Y81: 10 | Z81: 2646 | AC81: 50 | AD81: 10 | AF81: 6562 | AG81: 24039
B82: 75 | C82: 300013 | D82: ‡gvt AvBqye Avjx mnKvix †UK: Awdmvi (cv¤ú) †¯‹jt 16000-38640/- | E82: ‡gvt AvBqye Avjx | F82: mnKvix †UK: Awdmvi (cv¤ú) | G82: 0124100062738 | H82: 24870 | I82: 3731 | K82: 1500 | P82: 500 | Q82: 30601 | R82: 2487 | T82: 249 | W82: 1080 | X82: 30 | Y82: 10 | Z82: 2823 | AC82: 50 | AD82: 10 | AF82: 6739 | AG82: 23862
B83: 76 | C83: 300014 | D83: ‡gvt Ave`yj gv‡jK (2) mnKvix †UK: Awdmvi (cv¤ú) †¯‹jt 16000-38640/- | E83: ‡gvt Ave`yj gv‡jK (2) | F83: mnKvix †UK: Awdmvi (cv¤ú) | G83: 0124100063444 | H83: 24870 | I83: 3731 | K83: 1500 | P83: 500 | Q83: 30601 | R83: 2487 | T83: 249 | W83: 1080 | X83: 30 | Y83: 10 | Z83: 1327 | AC83: 50 | AD83: 10 | AF83: 5243 | AG83: 25358
B84: 77 | C84: 300016 | D84: Aiæb KvwšÍ PvKgv mnKvix †UK: Awdmvi (cv¤ú) †¯‹jt 16000-38640/- | E84: Aiæb KvwšÍ PvKgv | F84: mnKvix †UK: Awdmvi (cv¤ú) | G84: 0124100072327 | H84: 24870 | I84: 3731 | K84: 1500 | P84: 500 | Q84: 30601 | R84: 2487 | S84: 1500 | T84: 249 | W84: 1080 | X84: 30 | Y84: 10 | Z84: 1475 | AC84: 50 | AD84: 10 | AF84: 6891 | AG84: 23710 | AH84: wRwc 40/48
B85: 78 | C85: 300020 | D85: ‡gvt †mvnive †nv‡mb mnKvix †UK: Awdmvi ‡¯‹jt 16000-38640/- | E85: ‡gvt †mvnive †nv‡mb | F85: mnKvix †UK: Awdmvi | G85: 0124100089476 | H85: 24870 | I85: 3731 | K85: 1500 | P85: 1000 | Q85: 31101 | R85: 2487 | S85: 5000 | T85: 249 | W85: 1080 | X85: 30 | Y85: 10 | Z85: 1403 | AC85: 50 | AD85: 10 | AF85: 10319 | AG85: 20782 | AH85: wRwc 6/20
B86: 79 | C86: 300022 | D86: ‡gvt dviæK †kL mnKvix †UK: Awdmvi ‡¯‹jt 16000-38640/- | E86: ‡gvt dviæK †kL | F86: mnKvix †UK: Awdmvi | G86: 0124100033115 | H86: 24870 | I86: 3731 | K86: 1500 | P86: 1000 | Q86: 31101 | R86: 2487 | S86: 7500 | T86: 249 | W86: 1080 | X86: 30 | Y86: 10 | Z86: 1706 | AC86: 50 | AD86: 10 | AF86: 13122 | AG86: 17979 | AH86: wRwc 22/40
B87: 80 | C87: 300023 | D87: ‡gvt Aveyj Kv‡mg mnKvix †UK: Awdmvi ‡¯‹jt 16000-38640/- | E87: ‡gvt Aveyj Kv‡mg | F87: mnKvix †UK: Awdmvi | G87: 0124100033105 | H87: 24870 | I87: 3731 | K87: 1500 | P87: 1000 | Q87: 31101 | R87: 2487 | T87: 249 | W87: 1080 | X87: 30 | Y87: 10 | Z87: 1131 | AC87: 50 | AD87: 10 | AF87: 5047 | AG87: 26054
B88: 81 | C88: 300024 | D88: ‡gvt Ave`yj AvDqvj mnKvix †UK: Awdmvi †¯‹jt 16000-38640/- | E88: ‡gvt Ave`yj AvDqvj | F88: mnKvix †UK: Awdmvi | G88: 0124100089446 | H88: 22550 | I88: 3383 | K88: 1500 | P88: 1000 | Q88: 28433 | R88: 2255 | T88: 226 | W88: 1080 | X88: 30 | Y88: 10 | Z88: 1698 | AC88: 50 | AD88: 10 | AF88: 5359 | AG88: 23074 | AH88: 2 wU Bbwµ‡g›U eÜ _vK‡e 2024.2025
B89: 82 | C89: 300002 | D89: Av‡bvqviv LvZzb wbjy cÖkvmwbK Kg©KZ©v †¯‹jt 16000-38640/- | E89: Av‡bvqviv LvZzb wbjy | F89: cÖkvmwbK Kg©KZ©v | G89: 0124801012442 | H89: 18530 | I89: 2780 | K89: 1500 | Q89: 22810 | R89: 1853 | S89: 3200 | T89: 185 | W89: 1080 | X89: 30 | Y89: 10 | Z89: 1252 | AC89: 50 | AD89: 10 | AF89: 7670 | AG89: 15140 | AH89: wRwc 15/48
B90: 83 | C90: 200074 | D90: ‡gvt bvwQi DÏxb (1) cÖkvmwbK Kg©KZ©v (AvwRR nj) †¯‹jt 16000-38640/ | E90: ‡gvt bvwQi DwÏb (1) | F90: cÖkvmwbK Kg©KZ©v (AvwRR nj) | G90: 0124801020078 | H90: 16800 | I90: 2520 | J90: 9600 | K90: 1500 | Q90: 30420 | R90: 1680 | T90: 168 | AC90: 50 | AD90: 10 | AF90: 1908 | AG90: 28512
B91: 84 | C91: 200076 | D91: bvwQi DwÏb (2) cÖkvmwbK Kg©KZ©v ( Imgvbx nj) †¯‹jt 16000-38640/ | E91: bvwQi DwÏb (2) | F91: cÖkvmwbK Kg©KZ©v ( Imgvbx nj) | G91: 4404001030862 | H91: 16800 | I91: 2520 | J91: 9600 | K91: 1500 | Q91: 30420 | R91: 1680 | S91: 2000 | T91: 168 | AC91: 50 | AD91: 10 | AF91: 3908 | AG91: 26512 | AH91: wRwc 4/15
B92: 85 | C92: 300007 | D92: dviæK †nv‡mb cÖkvmwbK Kg©KZ©v †¯‹jt 16000-38640/ | E92: dviæK †nv‡mb | F92: cÖkvmwbK Kg©KZ©v | G92: 0124801013409 | H92: 17640 | I92: 2646 | J92: 9702 | K92: 1500 | Q92: 31488 | R92: 1764 | S92: 5000 | T92: 176 | AC92: 50 | AD92: 10 | AF92: 7000 | AG92: 24488 | AH92: wRwc 22/30
B93: 86 | C93: 300011 | D93: ‡gvt Avãyi iv¾vK cÖkvmwbK Kg©KZ©v †¯‹jt 16000-38640/ | E93: ‡gvt Avãyi iv¾vK | F93: cÖkvmwbK Kg©KZ©v | G93: 0124801013412 | H93: 17640 | I93: 2646 | J93: 9702 | K93: 1500 | P93: 500 | Q93: 31988 | R93: 1764 | S93: 2000 | T93: 176 | AC93: 50 | AD93: 10 | AF93: 4000 | AG93: 27988 | AH93: wRwc 15/25
B94: 87 | C94: 300017 | D94: ‡gvt Kweiæj Bmjvg cÖkvmwbK Kg©KZ©v †¯‹jt 16000-38640/ | E94: ‡gvt Kweiæj Bmjvg | F94: cÖkvmwbK Kg©KZ©v | G94: 0124100060436 | H94: 23680 | I94: 3552 | J94: 13024 | K94: 1500 | P94: 500 | Q94: 42256 | R94: 2368 | T94: 237 | AA94: 250 | AC94: 50 | AD94: 10 | AF94: 2915 | AG94: 39341
B95: 88 | C95: 300021 | D95: nvwQbv †eMg mnKvix †UKwbK¨vj Awdmvi ‡¯‹jt 16000-38640/- | E95: nvwQbv †eMg | F95: mnKvix †UKwbK¨vj Awdmvi | G95: 0124100063071 | H95: 23680 | I95: 3552 | K95: 1500 | Q95: 28732 | R95: 2368 | S95: 2500 | T95: 237 | W95: 1080 | X95: 30 | Y95: 10 | Z95: 2080 | AC95: 50 | AD95: 10 | AF95: 8365 | AG95: 20367 | AH95: wRwc 29/40
B96: 89 | C96: 300006 | D96: ‡gvqv‡¾g †nv‡mb cÖkvmwbK Kg©KZ©v †¯‹jt 16000-38640/- | E96: ‡gvqv‡¾g †nv‡mb | F96: cÖkvmwbK Kg©KZ©v | G96: 0124801012716 | H96: 17640 | I96: 2646 | K96: 1500 | P96: 1000 | Q96: 22786 | R96: 1764 | T96: 176 | W96: 1080 | X96: 30 | Y96: 10 | Z96: 1483 | AC96: 50 | AD96: 10 | AF96: 4603 | AG96: 18183
B97: 90 | C97: 300008 | D97: †gvnv¤§` BmgvBj †nvmvBb gwb cÖkvmwbK Kg©KZ©v †¯‹jt 16000-38640/- | E97: ‡gvnv¤§` BmgvBj †nv‡mb gwb | F97: cÖkvmwbK Kg©KZ©v | G97: 0124801013411 | H97: 17640 | I97: 2646 | J97: 9702 | K97: 1500 | Q97: 31488 | R97: 1764 | T97: 176 | AC97: 50 | AD97: 10 | AF97: 2000 | AG97: 29488
B98: 91 | C98: 300010 | D98: ‡gvt kwidzj Bmjvg cÖkvmwbK Kg©KZ©v ‡¯‹‹jt 16000-38640/- | E98: ‡gvt kwidzj Bmjvg | F98: cÖkvmwbK Kg©KZ©v | G98: 0124801013410 | H98: 17640 | I98: 2646 | J98: 9702 | K98: 1500 | P98: 500 | Q98: 31988 | R98: 1764 | S98: 10000 | T98: 176 | AC98: 50 | AD98: 10 | AF98: 12000 | AG98: 19988 | AH98: wRwc 9/19
B99: 92 | C99: 300115 | D99: ‡gvt byiæj Bmjvg cÖkvmwbK Kg©KZ©v ‡¯‹j t 16000-38640/- | E99: ‡gvt byiæj Bmjvg | F99: cÖkvmwbK Kg©KZ©v | G99: 0124801015581 | H99: 16800 | I99: 2520 | J99: 9600 | K99: 1500 | Q99: 30420 | R99: 1680 | T99: 168 | AC99: 50 | AD99: 10 | AF99: 1908 | AG99: 28512
B100: 93 | C100: 300113 | D100: ZvQwjgv Av³vi cÖkvmwbK Kg©KZ©v ‡¯‹j t 16000-38640/- | E100: ZvQwjgv Av³vi | F100: cÖkvmwbK Kg©KZ©v | G100: 0124801015550 | H100: 16800 | I100: 2520 | J100: 9600 | K100: 1500 | Q100: 30420 | R100: 1680 | S100: 1250 | T100: 168 | AC100: 50 | AD100: 10 | AF100: 3158 | AG100: 27262 | AH100: wRwc 33/48
B101: 94 | C101: 300038 | D101: gvmy`v Luvb mnKvix †UKwbK¨vj Awdmvi ‡¯‹j t 16000-38640/- | E101: gvmy`v Luvb | F101: mnKvix †UKwbK¨vj Awdmvi | G101: 0124100064373 | H101: 19460 | I101: 2919 | K101: 1500 | P101: 500 | Q101: 24379 | R101: 1946 | T101: 195 | W101: 1080 | X101: 20 | Y101: 10 | Z101: 1849 | AC101: 50 | AD101: 10 | AF101: 5160 | AG101: 19219
...

Sheet Sheet4
B1: evsjv‡`k †U·UvBj wek¦we`¨vjq
B2: ‡ZRMuvI, XvKv-1208|
B3: Kg©Pvix‡`i ‡eZb fvZvw`i wej Ryb - 2026 |
B5: µt bs | D5: bvg , c`ex I †eZb‡¯‹j | H5: cÖvwßmg~n | R5: KZ©bmg~n | AG5: bxU | AH5: gšÍe¨ | AI5: ¯^v¶i
H6: g~j‡eZb | I6: we‡kl myweav | J6: evoxfvov fvZv | K6: wPwKrmv fvZv | L6: hvZvqvZ fvZv | M6: wUwdb fvZv | N6: wk¶v fvZv | O6: ‡avjvB fvZv | P6: we‡kl fvZv | Q6: ‡gvU | R6: mvaviY fwel¨ Znwej | T6: Kj¨vY | U6: ‡hŠ_ exgv | V6: evoxfvov | W6: M¨vm | X6: cvwb I cqt | Y6: †cŠi Ki | Z6: we`y¨r | AA6: Mvox fvov | AB6: AvqKi | AC6: mwgwZi Puv`v | AD6: ivR¯^ ÷¨v¤ú | AE6: 1 w`‡bi †eZb KZ©b /ewa©Z †eZb KZ©b | AF6: ‡gvU KZ©b
C7: ‡KvW bs | R7: Puv`v | S7: cÖZ¨vnvi
B8: 1 | C8: 300123 | D8: ‡gvt †iRvDj Kwig d‡UvMÖvdvi †¯‹j t 12500-30230/- | E8: ‡gvt †iRvDj Kwig | F8: d‡UvMÖvdvi | G8: 0124801015746 | H8: 30230 | I8: =ROUND((H8*15%),0) -> 4535 | J8: =ROUND((H8*55%),0) -> 16627 | K8: 1500 | L8: 300 | M8: 200 | N8: 500 | Q8: =SUM(H8:O8) -> 53892 | R8: =ROUND((H8*10%),0) -> 3023 | S8: 3450 | T8: =ROUND((H8*1%),0) -> 302 | AB8: 417 | AC8: 20 | AD8: 10 | AF8: =SUM(R8:AE8) -> 7222 | AG8: =Q8-AF8 -> 46670 | AH8: wRwc 23/48 | AI8: 2wU Bbwµ‡g›U eÜ _vK‡e | 2024,2025
B9: 2 | C9: 300018 | D9: ¯^‡`k P›`ª ivq Kv‡c©›Uvi †MÖW-1 ‡¯‹jt 12500-30230/- | E9: ¯^‡`k P›`ª ivq | F9: Kv‡c©›Uvi †MÖW-1 | G9: 0124100089779 | H9: 22530 | I9: =ROUND((H9*15%),0) -> 3380 | K9: 1500 | L9: 300 | M9: 200 | N9: 500 | O9: 0 | Q9: =SUM(H9:O9) -> 28410 | R9: =ROUND((H9*10%),0) -> 2253 | S9: 5000 | T9: =ROUND((H9*1%),0) -> 225 | V9: 0 | W9: 1080 | X9: 30 | Y9: 10 | Z9: 1785 | AA9: 0 | AC9: 20 | AD9: 10 | AF9: =SUM(R9:AE9) -> 10413 | AG9: =Q9-AF9 -> 17997 | AH9: wRwc 11/20
B10: 3 | C10: 300137 | D10: ‡gvt AvwZKzj Bmjvg ‡gwWK¨vj mnKvix ‡¯‹jt 12500-30230/- | E10: ‡gvt AvwZKzj Bmjvg | F10: ‡gwWK¨vj mnKvix | G10: 0124801020072 | H10: 13130 | I10: =ROUND((H10*15%),0) -> 1970 | K10: 1500 | L10: 300 | M10: 200 | Q10: =SUM(H10:O10) -> 17100 | R10: =ROUND((H10*10%),0) -> 1313 | T10: =ROUND((H10*1%),0) -> 131 | W10: 1080 | X10: 30 | Y10: 10 | Z10: 1237 | AC10: 20 | AD10: 10 | AF10: =SUM(R10:AE10) -> 3831 | AG10: =Q10-AF10 -> 13269
B11: 4 | D11: iwn` nvmvb ivRy Kw¤úDUvi Acv‡iUi ‡¯‹jt 12500-30230/- ‡hvM`vb : 03/02/206 | E11: iwn` nvmvb ivRy | F11: Kw¤úDUvi Acv‡iUi | G11: 0124801021365 | H11: 12500 | I11: =ROUND((H11*15%),0) -> 1875 | J11: =ROUND((H11*60%),0) -> 7500 | K11: 1500 | L11: 300 | M11: 200 | Q11: =SUM(H11:O11) -> 23875 | R11: =ROUND((H11*10%),0) -> 1250 | T11: =ROUND((H11*1%),0) -> 125 | AC11: 20 | AD11: 10 | AF11: =SUM(R11:AE11) -> 1405 | AG11: =Q11-AF11 -> 22470
B12: 5 | D12: bvCg Kw¤úDUvi Acv‡iUi ‡¯‹jt 12500-30230/- ‡hvM`vb : 13/04/206 | E12: bvCg | F12: Kw¤úDUvi Acv‡iUi | G12: 4435401017490 | H12: 12500 | I12: =ROUND((H12*15%),0) -> 1875 | J12: =ROUND((H12*60%),0) -> 7500 | K12: 1500 | L12: 300 | M12: 200 | Q12: =SUM(H12:O12) -> 23875 | R12: =ROUND((H12*10%),0) -> 1250 | T12: =ROUND((H12*1%),0) -> 125 | AD12: 10 | AF12: =SUM(R12:AE12) -> 1385 | AG12: =Q12-AF12 -> 22490
B13: 6 | C13: 300004 | D13: ‡gvt ev‡qwR` †nvmvBb Awdm mnt Kvg Kw¤út Acv †¯‹jt 11000-26590/- | E13: ‡gvt ev‡qwR` †nvmvBb | F13: Awdm mnt Kvg Kw¤út Acvt | G13: 0124801012680 | H13: 15500 | I13: =ROUND((H13*15%),0) -> 2325 | J13: =ROUND((H13*60%),0) -> 9300 | K13: 1500 | L13: 300 | M13: 200 | N13: 500 | O13: 0 | Q13: =SUM(H13:O13) -> 29625 | R13: =ROUND((H13*10%),0) -> 1550 | S13: 2950 | T13: =ROUND((H13*1%),0) -> 155 | AA13: 0 | AC13: 20 | AD13: 10 | AF13: =SUM(R13:AE13) -> 4685 | AG13: =Q13-AF13 -> 24940 | AH13: wRwc 18/48
B14: 7 | C14: 300140 | D14: ‡gvt †mv‡nj ivbv Awdm mnt Kvgt Kw¤útAcvt ‡¯‹j t 11000-26590/- ‡hvM`vb t 13/02/2024 | E14: ‡gvt †mv‡nj ivbv | F14: Awdm mnt Kvgt Kw¤útAcvt | G14: 0124801018391 | H14: 11550 | I14: =ROUND((H14*15%),0) -> 1733 | J14: =ROUND((H14*60%),0) -> 6930 | K14: 1500 | L14: 300 | M14: 200 | Q14: =SUM(H14:O14) -> 22213 | R14: =ROUND((H14*10%),0) -> 1155 | T14: =ROUND((H14*1%),0) -> 116 | AC14: 20 | AD14: 10 | AF14: =SUM(R14:AE14) -> 1301 | AG14: =Q14-AF14 -> 20912
B15: 8 | C15: 300139 | D15: AvwZKzi ingvb dqmvj Awdm mnt Kvgt Kw¤útAcvt ‡¯‹j t 11000-26590/-†hvM`vb t 13/02/2024 | E15: AvwZKzi ingvb dqmvj | F15: Awdm mnt Kvgt Kw¤útAcvt | G15: 0124801020144 | H15: 11550 | I15: =ROUND((H15*15%),0) -> 1733 | J15: =ROUND((H15*60%),0) -> 6930 | K15: 1500 | L15: 300 | M15: 200 | Q15: =SUM(H15:O15) -> 22213 | R15: =ROUND((H15*10%),0) -> 1155 | T15: =ROUND((H15*1%),0) -> 116 | AC15: 20 | AD15: 10 | AF15: =SUM(R15:AE15) -> 1301 | AG15: =Q15-AF15 -> 20912
B16: 9 | C16: 300138 | D16: wicb P›`ª miKvi Awdm mnt Kvgt Kw¤útAcvt ‡¯‹j t 11000-26590/- †hvM`vb t 13/02/2024 | E16: wicb P›`ª miKvi | F16: Awdm mnt Kvgt Kw¤útAcvt | G16: 2116201052345 | H16: 11550 | I16: =ROUND((H16*15%),0) -> 1733 | J16: =ROUND((H16*60%),0) -> 6930 | K16: 1500 | L16: 300 | M16: 200 | Q16: =SUM(H16:O16) -> 22213 | R16: =ROUND((H16*10%),0) -> 1155 | T16: =ROUND((H16*1%),0) -> 116 | AC16: 20 | AD16: 10 | AF16: =SUM(R16:AE16) -> 1301 | AG16: =Q16-AF16 -> 20912
B17: 10 | C17: 300037 | D17: †gvt †`‡jvqvi †nv‡mb µvdU BÝUªv±i ‡¯‹jt 11000-26590/- | E17: †gvt †`‡jvqvi †nv‡mb | F17: µvdU BÝUªv±i | G17: 0124100020553 | H17: 20810 | I17: =ROUND((H17*15%),0) -> 3122 | J17: 0 | K17: 1500 | L17: 300 | M17: 200 | Q17: =SUM(H17:O17) -> 25932 | R17: =ROUND((H17*10%),0) -> 2081 | T17: =ROUND((H17*1%),0) -> 208 | V17: 0 | W17: 1080 | X17: 30 | Y17: 10 | Z17: 1206 | AA17: 0 | AC17: 20 | AD17: 10 | AF17: =SUM(R17:AE17) -> 4645 | AG17: =Q17-AF17 -> 21287
B18: 11 | C18: 300039 | D18: ‡gvt nvwbd nvIjv`vi µvdU BÝUªv±i ‡¯‹jt 11000-26590/- | E18: ‡gvt nvwbd nvIjv`vi | F18: µvdU BÝUªv±i | G18: 0124100062041 | H18: 18860 | I18: =ROUND((H18*15%),0) -> 2829 | J18: 0 | K18: 1500 | L18: 300 | M18: 200 | N18: 500 | Q18: =SUM(H18:O18) -> 24189 | R18: =ROUND((H18*10%),0) -> 1886 | T18: =ROUND((H18*1%),0) -> 189 | V18: 0 | W18: 1080 | X18: 30 | Y18: 10 | Z18: 1267 | AA18: 0 | AC18: 20 | AD18: 10 | AF18: =SUM(R18:AE18) -> 4492 | AG18: =Q18-AF18 -> 19697
B19: 12 | C19: 300041 | D19: ‡gvt †nv‡mb †`Iqvb µvdU BÝUªv±i ‡¯‹jt 11000-26590/- | E19: ‡gvt †nv‡mb †`Iqvb | F19: µvdU BÝUªv±i | G19: 0124100089708 | H19: 18860 | I19: =ROUND((H19*15%),0) -> 2829 | J19: =ROUND((H19*55%),0) -> 10373 | K19: 1500 | L19: 300 | M19: 200 | Q19: =SUM(H19:O19) -> 34062 | R19: =ROUND((H19*10%),0) -> 1886 | S19: 4500 | T19: =ROUND((H19*1%),0) -> 189 | AA19: 0 | AC19: 20 | AD19: 10 | AF19: =SUM(R19:AE19) -> 6605 | AG19: =Q19-AF19 -> 27457 | AH19: wRwc 18/48
B20: 13 | C20: 300046 | D20: ‡gvt eveyj wgqv µvdU BÝUªv±i ‡¯‹jt 11000-26590/- | E20: ‡gvt eveyj wgqv | F20: µvdU BÝUªv±i | G20: 0124100089728 | H20: 18860 | I20: =ROUND((H20*15%),0) -> 2829 | J20: =ROUND((H20*55%),0) -> 10373 | K20: 1500 | L20: 300 | M20: 200 | N20: 500 | Q20: =SUM(H20:O20) -> 34562 | R20: =ROUND((H20*10%),0) -> 1886 | S20: 5000 | T20: =ROUND((H20*1%),0) -> 189 | AA20: 0 | AC20: 20 | AD20: 10 | AF20: =SUM(R20:AE20) -> 7105 | AG20: =Q20-AF20 -> 27457 | AH20: wRwc 20/40
B21: 14 | C21: 300125 | D21: G.‡K.Gg.gymv evnv`yi µvdU BÝUªv±i ‡¯‹jt 11000-26590/- †hvM`vb : 18/05/2022 | E21: G.‡K.Gg.gymv evnv`yi | F21: µvdU BÝUªv±i | G21: 0124801018488 | H21: 12740 | I21: =ROUND((H21*15%),0) -> 1911 | J21: =ROUND((H21*60%),0) -> 7644 | K21: 1500 | L21: 300 | M21: 200 | Q21: =SUM(H21:O21) -> 24295 | R21: =ROUND((H21*10%),0) -> 1274 | T21: =ROUND((H21*1%),0) -> 127 | AC21: 20 | AD21: 10 | AF21: =SUM(R21:AE21) -> 1431 | AG21: =Q21-AF21 -> 22864
B22: 15 | C22: 300126 | D22: ‡gv: MvDmyj Bmjvg µvdU BÝUªv±i ‡¯‹jt 11000-26590/- †hvM`vb : 18/05/2022 | E22: ‡gv: MvDmyj Bmjvg | F22: µvdU BÝUªv±i | G22: 0124801018469 | H22: 12740 | I22: =ROUND((H22*15%),0) -> 1911 | J22: =ROUND((H22*60%),0) -> 7644 | K22: 1500 | L22: 300 | M22: 200 | Q22: =SUM(H22:O22) -> 24295 | R22: =ROUND((H22*10%),0) -> 1274 | T22: =ROUND((H22*1%),0) -> 127 | AC22: 20 | AD22: 10 | AF22: =SUM(R22:AE22) -> 1431 | AG22: =Q22-AF22 -> 22864
B23: 16 | C23: 300127 | D23: ‡gv: gvmy` µvdU BÝUªv±i ‡¯‹jt 11000-26590/- †hvM`vb : 18/05/2022 | E23: ‡gv: gvmy` | F23: µvdU BÝUªv±i | G23: 0124801018490 | H23: 12740 | I23: =ROUND((H23*15%),0) -> 1911 | J23: =ROUND((H23*60%),0) -> 7644 | K23: 1500 | L23: 300 | M23: 200 | Q23: =SUM(H23:O23) -> 24295 | R23: =ROUND((H23*10%),0) -> 1274 | T23: =ROUND((H23*1%),0) -> 127 | AC23: 20 | AD23: 10 | AF23: =SUM(R23:AE23) -> 1431 | AG23: =Q23-AF23 -> 22864
B24: 17 | C24: 300128 | D24: ‡gv: ivnvZ Av‡idxb µvdU BÝUªv±i ‡¯‹jt 11000-26590/- †hvM`vb : 18/05/2022 | E24: ‡gv: ivnvZ Av‡idxb | F24: µvdU BÝUªv±i | G24: 0124801018478 | H24: 12740 | I24: =ROUND((H24*15%),0) -> 1911 | J24: =ROUND((H24*60%),0) -> 7644 | K24: 1500 | L24: 300 | M24: 200 | N24: 500 | Q24: =SUM(H24:O24) -> 24795 | R24: =ROUND((H24*10%),0) -> 1274 | T24: =ROUND((H24*1%),0) -> 127 | AC24: 20 | AD24: 10 | AF24: =SUM(R24:AE24) -> 1431 | AG24: =Q24-AF24 -> 23364
B25: 18 | C25: 300129 | D25: ‡gv: wgRvbyi ingvb µvdU BÝUªv±i ‡¯‹jt 11000-26590/- †hvM`vb : 18/05/2022 | E25: ‡gv: wgRvbyi ingvb | F25: µvdU BÝUªv±i | G25: 0124801018485 | H25: 12740 | I25: =ROUND((H25*15%),0) -> 1911 | J25: =ROUND((H25*60%),0) -> 7644 | K25: 1500 | L25: 300 | M25: 200 | Q25: =SUM(H25:O25) -> 24295 | R25: =ROUND((H25*10%),0) -> 1274 | T25: =ROUND((H25*1%),0) -> 127 | AC25: 20 | AD25: 10 | AF25: =SUM(R25:AE25) -> 1431 | AG25: =Q25-AF25 -> 22864
B26: 19 | C26: 300130 | D26: ‡gv: nvweeyi ingvb µvdU BÝUªv±i ‡¯‹jt 11000-26590/- †hvM`vb : 18/05/2022 | E26: ‡gv: nvweeyi ingvb | F26: µvdU BÝUªv±i | G26: 0124801018487 | H26: 12740 | I26: =ROUND((H26*15%),0) -> 1911 | J26: =ROUND((H26*60%),0) -> 7644 | K26: 1500 | L26: 300 | M26: 200 | Q26: =SUM(H26:O26) -> 24295 | R26: =ROUND((H26*10%),0) -> 1274 | T26: =ROUND((H26*1%),0) -> 127 | AC26: 20 | AD26: 10 | AF26: =SUM(R26:AE26) -> 1431 | AG26: =Q26-AF26 -> 22864
B27: 20 | C27: 300131 | D27: wjsKz `vm µvdU BÝUªv±i ‡¯‹jt 11000-26590/- †hvM`vb : 18/05/2022 | E27: wjsKz `vm | F27: µvdU BÝUªv±i | G27: 0124801018481 | H27: 12740 | I27: =ROUND((H27*15%),0) -> 1911 | J27: =ROUND((H27*60%),0) -> 7644 | K27: 1500 | L27: 300 | M27: 200 | Q27: =SUM(H27:O27) -> 24295 | R27: =ROUND((H27*10%),0) -> 1274 | T27: =ROUND((H27*1%),0) -> 127 | AA27: 250 | AC27: 20 | AD27: 10 | AF27: =SUM(R27:AE27) -> 1681 | AG27: =Q27-AF27 -> 22614
B28: 21 | C28: 300132 | D28: Avãyjøvn Avj Iqvnx` µvdU BÝUªv±i ‡¯‹jt 11000-26590/- †hvM`vb : 18/05/2022 | E28: Avãyjøvn Avj Iqvnx` | F28: µvdU BÝUªv±i | G28: 0124801018507 | H28: 12740 | I28: =ROUND((H28*15%),0) -> 1911 | J28: =ROUND((H28*60%),0) -> 7644 | K28: 1500 | L28: 300 | M28: 200 | Q28: =SUM(H28:O28) -> 24295 | R28: =ROUND((H28*10%),0) -> 1274 | T28: =ROUND((H28*1%),0) -> 127 | AC28: 20 | AD28: 10 | AF28: =SUM(R28:AE28) -> 1431 | AG28: =Q28-AF28 -> 22864
B29: 22 | C29: 300133 | D29: dqmvj ingvb µvdU BÝUªv±i ‡¯‹jt 11000-26590/- †hvM`vb : 18/05/2022 | E29: dqmvj ingvb | F29: µvdU BÝUªv±i | G29: 0124801018466 | H29: 12740 | I29: =ROUND((H29*15%),0) -> 1911 | J29: =ROUND((H29*60%),0) -> 7644 | K29: 1500 | L29: 300 | M29: 200 | Q29: =SUM(H29:O29) -> 24295 | R29: =ROUND((H29*10%),0) -> 1274 | T29: =ROUND((H29*1%),0) -> 127 | AC29: 20 | AD29: 10 | AF29: =SUM(R29:AE29) -> 1431 | AG29: =Q29-AF29 -> 22864
B30: 23 | C30: 300134 | D30: Avd‡ivRv LvZzb wjRv µvdU BÝUªv±i ‡¯‹jt 11000-26590/- †hvM`vb : 18/05/2022 | E30: Avd‡ivRv LvZzb wjRv | F30: µvdU BÝUªv±i | G30: 0124100053268 | H30: 12740 | I30: =ROUND((H30*15%),0) -> 1911 | J30: =ROUND((H30*60%),0) -> 7644 | K30: 1500 | L30: 300 | M30: 200 | N30: 500 | Q30: =SUM(H30:O30) -> 24795 | R30: =ROUND((H30*10%),0) -> 1274 | T30: =ROUND((H30*1%),0) -> 127 | AC30: 20 | AD30: 10 | AF30: =SUM(R30:AE30) -> 1431 | AG30: =Q30-AF30 -> 23364
B31: 24 | C31: 300040 | D31: ‡gvt Ave`yj Avjxg µvdU BÝUªv±i ‡¯‹jt 11000-26590/- | E31: ‡gvt Ave`yj Avjxg | F31: µvdU BÝUªv±i | G31: 0124100087811 | H31: 18860 | I31: =ROUND((H31*15%),0) -> 2829 | K31: 1500 | L31: 300 | M31: 200 | N31: 1000 | Q31: =SUM(H31:O31) -> 24689 | R31: =ROUND((H31*10%),0) -> 1886 | S31: 4200 | T31: =ROUND((H31*1%),0) -> 189 | W31: 1080 | X31: 30 | Y31: 10 | Z31: 1730 | AA31: 0 | AC31: 20 | AD31: 10 | AF31: =SUM(R31:AE31) -> 9155 | AG31: =Q31-AF31 -> 15534 | AH31: wRwc 11/48
B32: 25 | C32: 300045 | D32: ‡gvt mvnv`vr †nv‡mb g„av µvdU BÝUªv±i ‡¯‹jt 11000-26590/- | E32: ‡gvt mvnv`vr †nv‡mb g„av | F32: µvdU BÝUªv±i | G32: 0124100066786 | H32: 18860 | I32: =ROUND((H32*15%),0) -> 2829 | J32: =ROUND((H32*55%),0) -> 10373 | K32: 1500 | L32: 300 | M32: 200 | N32: 500 | Q32: =SUM(H32:O32) -> 34562 | R32: =ROUND((H32*10%),0) -> 1886 | T32: =ROUND((H32*1%),0) -> 189 | AC32: 20 | AD32: 10 | AF32: =SUM(R32:AE32) -> 2105 | AG32: =Q32-AF32 -> 32457
B33: 26 | C33: 300075 | D33: ‡gvt Ryev‡qi Avn‡g` µvdU BÝUªv±i †¯‹jt 11000-26590/- | E33: ‡gvt Ryyev‡qi Avn‡g` | F33: ¯‹xì IqvK©vi | G33: 0124100091818 | H33: 14050 | I33: =ROUND((H33*15%),0) -> 2108 | J33: =ROUND((H33*60%),0) -> 8430 | K33: 1500 | L33: 300 | M33: 200 | N33: 500 | Q33: =SUM(H33:O33) -> 27088 | R33: =ROUND((H33*10%),0) -> 1405 | S33: 2100 | T33: =ROUND((H33*1%),0) -> 141 | AA33: 0 | AC33: 20 | AD33: 10 | AF33: =SUM(R33:AE33) -> 3676 | AG33: =Q33-AF33 -> 23412 | AH33: wRwc 13/48
B34: 27 | C34: 300078 | D34: ‡gvt wejøvj †nv‡mb µvdU BÝUªv±i †¯‹jt 11000-26590/- | E34: ‡gvt wejøvj †nv‡mb | F34: ¯‹xì IqvK©vi | G34: 0124801012558 | H34: 14050 | I34: =ROUND((H34*15%),0) -> 2108 | J34: =ROUND((H34*60%),0) -> 8430 | K34: 1500 | L34: 300 | M34: 200 | N34: 500 | Q34: =SUM(H34:P34) -> 27088 | R34: =ROUND((H34*10%),0) -> 1405 | T34: =ROUND((H34*1%),0) -> 141 | V34: 0 | W34: 0 | X34: 0 | Y34: 0 | AA34: 0 | AC34: 20 | AD34: 10 | AF34: =SUM(R34:AE34) -> 1576 | AG34: =Q34-AF34 -> 25512
B35: 28 | C35: 300081 | D35: ‡gvt gvnvgy`yj nvQvb f‚Bqv µvdU BÝUªv±i †¯‹jt 11000-26590/- | E35: ‡gvt gvnvgy`yj nvQvb f~Bqv | F35: ¯‹xì IqvK©vi | G35: 0124801013415 | H35: 13380 | I35: =ROUND((H35*15%),0) -> 2007 | K35: 1500 | L35: 300 | M35: 200 | Q35: =SUM(H35:O35) -> 17387 | R35: =ROUND((H35*10%),0) -> 1338 | T35: =ROUND((H35*1%),0) -> 134 | W35: 1080 | X35: 30 | Y35: 10 | Z35: 783 | AC35: 20 | AD35: 10 | AF35: =SUM(R35:AE35) -> 3405 | AG35: =Q35-AF35 -> 13982
B36: 29 | C36: 300095 | D36: ‡gvt Avey gvmyg miKvi µvdU BÝUªv±i †¯‹jt 11000-26590/- | E36: ‡gvt Avey gvmyg miKvi | F36: ¯‹xì IqvK©vi | G36: 0124801012879 | H36: 12130 | I36: =ROUND((H36*15%),0) -> 1820 | K36: 1500 | L36: 300 | M36: 200 | Q36: =SUM(H36:O36) -> 15950 | R36: =ROUND((H36*10%),0) -> 1213 | T36: =ROUND((H36*1%),0) -> 121 | W36: 1080 | X36: 30 | Y36: 10 | Z36: 1642 | AC36: 20 | AD36: 10 | AF36: =SUM(R36:AE36) -> 4126 | AG36: =Q36-AF36 -> 11824
B37: 30 | C37: 300090 | D37: Rbve †gvt Avwgbyj Bmjvg µvdU BÝUªv±i †¯‹jt 11000-26590/- | E37: ‡gvt Avwgbyj Bmjvg | F37: ¯‹xì IqvK©vi | G37: 0124801013432 | H37: 12130 | I37: =ROUND((H37*15%),0) -> 1820 | J37: =ROUND((H37*60%),0) -> 7278 | K37: 1500 | L37: 300 | M37: 200 | N37: 1000 | Q37: =SUM(H37:O37) -> 24228 | R37: =ROUND((H37*10%),0) -> 1213 | S37: 2000 | T37: =ROUND((H37*1%),0) -> 121 | AC37: 20 | AD37: 10 | AF37: =SUM(R37:AE37) -> 3364 | AG37: =Q37-AF37 -> 20864 | AH37: wRwc 19/45
B38: 31 | C38: 300121 | D38: †gvt Avwgbyi ingvb µvdU BÝUªv±i †¯‹jt 11000-26590/- | E38: ‡gvt Avwgbyj ingvb | F38: ¯‹xì IqvK©vi | G38: 0124801013297 | H38: 12130 | I38: =ROUND((H38*15%),0) -> 1820 | J38: =ROUND((H38*60%),0) -> 7278 | K38: 1500 | L38: 300 | M38: 200 | Q38: =SUM(H38:O38) -> 23228 | R38: =ROUND((H38*10%),0) -> 1213 | T38: =ROUND((H38*1%),0) -> 121 | AC38: 20 | AD38: 10 | AF38: =SUM(R38:AE38) -> 1364 | AG38: =Q38-AF38 -> 21864
B39: 32 | C39: 300048 | D39: nvwmqv Av³vi Awdm mnvqK †MªW-1 ‡¯‹j t 11000-26590/- | E39: nvwmqv Av³vi | F39: Awdm mnvqK †MªW-1 | G39: 0124100063757 | H39: 18860 | I39: =ROUND((H39*15%),0) -> 2829 | J39: 0 | K39: 1500 | L39: 300 | M39: 200 | N39: 500 | Q39: =SUM(H39:O39) -> 24189 | R39: =ROUND((H39*10%),0) -> 1886 | T39: =ROUND((H39*1%),0) -> 189 | V39: 0 | W39: 1080 | X39: 30 | Y39: 10 | Z39: 1905 | AA39: 0 | AC39: 20 | AD39: 10 | AF39: =SUM(R39:AE39) -> 5130 | AG39: =Q39-AF39 -> 19059
B40: 33 | C40: 300094 | D40: Av‡kKzj Bmjvg wnmveiÿK ‡¯‹j t 11000-26590/- | E40: Av‡kKzj Bmjvg | F40: wnmveiÿK | G40: 0124801014654 | H40: 13380 | I40: =ROUND((H40*15%),0) -> 2007 | J40: =ROUND((H40*60%),0) -> 8028 | K40: 1500 | L40: 300 | M40: 200 | N40: 500 | Q40: =SUM(H40:O40) -> 25915 | R40: =ROUND((H40*10%),0) -> 1338 | S40: 2500 | T40: =ROUND((H40*1%),0) -> 134 | AC40: 20 | AD40: 10 | AF40: =SUM(R40:AE40) -> 4002 | AG40: =Q40-AF40 -> 21913 | AH40: wRwc 16/40
B41: 34 | C41: 300117 | D41: kviwgb Av³vi ¯‹xì IqvK©vi †¯‹j t 11000-26590/- | E41: kviwgb Av³vi | F41: ¯‹xì IqvK©vi | G41: 0124801015596 | H41: 12740 | I41: =ROUND((H41*15%),0) -> 1911 | J41: =ROUND((H41*60%),0) -> 7644 | K41: 1500 | L41: 300 | M41: 200 | N41: 1000 | Q41: =SUM(H41:O41) -> 25295 | R41: =ROUND((H41*10%),0) -> 1274 | T41: =ROUND((H41*1%),0) -> 127 | AC41: 20 | AD41: 10 | AF41: =SUM(R41:AE41) -> 1431 | AG41: =Q41-AF41 -> 23864
B42: 35 | C42: 300136 | D42: ‡gvt byiæ¾vgvb j¨ve mnKvix †¯‹j t 11000-26590/- †hvM`vbt 1/2/2024 Acivn | E42: ‡gvt byiæ¾vgvb | F42: j¨ve mnKvix | G42: 0124801020134 | H42: 11550 | I42: =ROUND((H42*15%),0) -> 1733 | J42: =ROUND((H42*60%),0) -> 6930 | K42: 1500 | L42: 300 | M42: 200 | Q42: =SUM(H42:O42) -> 22213 | R42: =ROUND((H42*10%),0) -> 1155 | S42: 1000 | T42: =ROUND((H42*1%),0) -> 116 | AC42: 20 | AD42: 10 | AF42: =SUM(R42:AE42) -> 2301 | AG42: =Q42-AF42 -> 19912 | AH42: wRwc 2/24
B43: 36 | C43: 300047 | D43: BmgZ Aviv eyK mU©vi †MÖW-1 ‡¯‹j t 11000-26590 | E43: BmgZ Aviv | F43: eyK mU©vi †MÖW-1 | G43: 0124100077928 | H43: 18860 | I43: =ROUND((H43*15%),0) -> 2829 | J43: 0 | K43: 1500 | L43: 300 | M43: 200 | N43: 500 | Q43: =SUM(H43:O43) -> 24189 | R43: =ROUND((H43*10%),0) -> 1886 | T43: =ROUND((H43*1%),0) -> 189 | V43: 0 | W43: 1080 | X43: 30 | Y43: 10 | Z43: 1063 | AA43: 0 | AC43: 20 | AD43: 10 | AF43: =SUM(R43:AE43) -> 4288 | AG43: =Q43-AF43 -> 19901
B44: 37 | C44: 300032 | D44: †gvt Avt iwng wmwbqi cøv¤^vi †¯‹jt 11000-26590/- | E44: ‡gvt Avt iwng | F44: wmwbqi cøv¤^vi | G44: 0124801012768 | H44: 14050 | I44: =ROUND((H44*15%),0) -> 2108 | K44: 1500 | L44: 300 | M44: 200 | N44: 1000 | Q44: =SUM(H44:O44) -> 19158 | R44: =ROUND((H44*10%),0) -> 1405 | S44: 2500 | T44: =ROUND((H44*1%),0) -> 141 | V44: 0 | W44: 1080 | X44: 30 | Y44: 10 | Z44: 1010 | AA44: 0 | AC44: 20 | AD44: 10 | AF44: =SUM(R44:AE44) -> 6206 | AG44: =Q44-AF44 -> 12952 | AH44: wRwc 25/46
B45: 38 | C45: 300028 | D45: ‡gvt mvwKj †nv‡mb nvIjv`vi WªvBfvi ‡nfx †MÖW-13 ‡¯‹jt 11000-26590/- | E45: ‡gvt kvwKj †nv‡mb | F45: WªvBfvi ‡nfx †MÖW-3 | G45: 0124100093291 | H45: 17100 | I45: =ROUND((H45*15%),0) -> 2565 | J45: 0 | K45: 1500 | L45: 300 | M45: 200 | N45: 500 | Q45: =SUM(H45:O45) -> 22165 | R45: =ROUND((H45*10%),0) -> 1710 | T45: =ROUND((H45*1%),0) -> 171 | V45: 0 | W45: 1080 | X45: 30 | Y45: 10 | Z45: 1554 | AA45: 0 | AC45: 20 | AD45: 10 | AF45: =SUM(R45:AE45) -> 4585 | AG45: =Q45-AF45 -> 17580
B46: 39 | C46: 300030 | D46: ksKi gÛj WªvBfvi †MÖW-13 ‡¯‹jt 11000-26590/- | E46: ksKi gÛj | F46: WªvBfvi | G46: 0124100093725 | H46: 17100 | I46: =ROUND((H46*15%),0) -> 2565 | K46: 1500 | L46: 300 | M46: 200 | Q46: =SUM(H46:O46) -> 21665 | R46: =ROUND((H46*10%),0) -> 1710 | T46: =ROUND((H46*1%),0) -> 171 | W46: 1080 | X46: 30 | Y46: 10 | Z46: 2200 | AC46: 20 | AD46: 10 | AF46: =SUM(R46:AE46) -> 5231 | AG46: =Q46-AF46 -> 16434
B47: 40 | C47: 300157 | D47: Rbve †gvt wd‡ivR ikx` bvm© ‡¯‹j t 11000-26590/- | E47: Rbve †gvt wd‡ivR ikx` | F47: bvm© | G47: 124801020975 | H47: 11000 | I47: =ROUND((H47*15%),0) -> 1650 | J47: =ROUND((H47*60%),0) -> 6600 | K47: 1500 | L47: 300 | M47: 200 | Q47: =SUM(H47:O47) -> 21250 | R47: =ROUND((H47*10%),0) -> 1100 | T47: =ROUND((H47*1%),0) -> 110 | AD47: 10 | AF47: =SUM(R47:AE47) -> 1220 | AG47: =Q47-AF47 -> 20030
B48: 41 | C48: 300060 | D48: ‡Kvwnbyi †eMg cwi”QbœZv Kgx©,‡MÖW-13 ‡¯‹j t 11000-26590/- | E48: ‡Kvwnbyi †eMg | F48: cwiQbœZv Kwg© †MÖW-2 | G48: 0124100045928 | H48: 19810 | I48: =ROUND((H48*15%),0) -> 2972 | K48: 1500 | L48: 300 | M48: 200 | N48: 0 | Q48: =SUM(H48:O48) -> 24782 | R48: =ROUND((H48*10%),0) -> 1981 | T48: =ROUND((H48*1%),0) -> 198 | W48: 1080 | X48: 30 | Y48: 10 | Z48: 292 | AA48: 0 | AC48: 20 | AD48: 10 | AF48: =SUM(R48:AE48) -> 3621 | AG48: =Q48-AF48 -> 21161
B49: 42 | C49: 300049 | D49: ‡gvt gwdRyi ingvb Awdm mnvqK †MÖW-13 ‡¯‹j t 11000-26590/- | E49: ‡gvt gwdRyi ingvb | F49: Awdm mnvqK †MÖW-2 | G49: 0124100089789 | H49: 19810 | I49: =ROUND((H49*15%),0) -> 2972 | J49: 0 | K49: 1500 | L49: 300 | M49: 200 | N49: 500 | Q49: =SUM(H49:O49) -> 25282 | R49: =ROUND((H49*10%),0) -> 1981 | T49: =ROUND((H49*1%),0) -> 198 | V49: 0 | W49: 1080 | X49: 30 | Y49: 10 | Z49: 1913 | AA49: 0 | AC49: 20 | AD49: 10 | AF49: =SUM(R49:AE49) -> 5242 | AG49: =Q49-AF49 -> 20040
B50: 43 | C50: 300050 | D50: P›`ª‡jLv PvKgv Awdm mnvqK †MÖW-13 ‡¯‹j t 11000-26590/- | E50: P›`ª‡jLv PvKgv | F50: Awdm mnvqK †MÖW-2 | G50: 0124100031594 | H50: 19810 | I50: =ROUND((H50*15%),0) -> 2972 | J50: 0 | K50: 1500 | L50: 300 | M50: 200 | N50: 500 | Q50: =SUM(H50:O50) -> 25282 | R50: =ROUND((H50*10%),0) -> 1981 | T50: =ROUND((H50*1%),0) -> 198 | V50: 0 | W50: 1080 | X50: 30 | Y50: 10 | Z50: 1350 | AA50: 0 | AC50: 20 | AD50: 10 | AF50: =SUM(R50:AE50) -> 4679 | AG50: =Q50-AF50 -> 20603
B51: 44 | C51: 300052 | D51: ‡gvt Ave`yj nvwjg Awdm mnvqK †MÖW-13 ‡¯‹j t 11000-26590/- | E51: ‡gvt Ave`yj nvwjg | F51: Awdm mnvqK †MÖW-2 | G51: 0124100089375 | H51: 19810 | I51: =ROUND((H51*15%),0) -> 2972 | J51: 0 | K51: 1500 | L51: 300 | M51: 200 | Q51: =SUM(H51:O51) -> 24782 | R51: =ROUND((H51*10%),0) -> 1981 | S51: 3000 | T51: =ROUND((H51*1%),0) -> 198 | V51: 0 | W51: 1080 | X51: 30 | Y51: 10 | Z51: 2326 | AA51: 0 | AC51: 20 | AD51: 10 | AF51: =SUM(R51:AE51) -> 8655 | AG51: =Q51-AF51 -> 16127 | AH51: wRwc 23/34
B52: 45 | C52: 300053 | D52: wbZvB Kzgvi `Ë Awdm mnvqK †MÖW-13 ‡¯‹j t 11000-26590/- | E52: wbZvB P›`ª `Ë | F52: Awdm mnvqK †MÖW-2 | G52: 0124100089486 | H52: 19810 | I52: =ROUND((H52*15%),0) -> 2972 | J52: 0 | K52: 1500 | L52: 300 | M52: 200 | N52: 1000 | Q52: =SUM(H52:O52) -> 25782 | R52: =ROUND((H52*10%),0) -> 1981 | S52: 1460 | T52: =ROUND((H52*1%),0) -> 198 | V52: 0 | W52: 1080 | X52: 30 | Y52: 10 | Z52: 1937 | AA52: 0 | AC52: 20 | AD52: 10 | AF52: =SUM(R52:AE52) -> 6726 | AG52: =Q52-AF52 -> 19056 | AH52: wRwc 12/48
B53: 46 | C53: 300054 | D53: ‡gvt ‡mwjg Avjx Awdm mnvqK †MÖW-13 ‡¯‹j t 11000-26590/- | E53: ‡gvt ‡mwjg Avjx | F53: Awdm mnvqK †MÖW-2 | G53: 0124100089849 | H53: 19810 | I53: =ROUND((H53*15%),0) -> 2972 | J53: =ROUND((H53*55%),0) -> 10896 | K53: 1500 | L53: 300 | M53: 200 | N53: 1000 | Q53: =SUM(H53:O53) -> 36678 | R53: =ROUND((H53*10%),0) -> 1981 | S53: 5000 | T53: =ROUND((H53*1%),0) -> 198 | AA53: 0 | AC53: 20 | AD53: 10 | AF53: =SUM(R53:AE53) -> 7209 | AG53: =Q53-AF53 -> 29469 | AH53: wRwc 25/40
B54: 47 | C54: 300055 | D54: ‡gvt AvjvDwÏb dwKi Awdm mnvqK †MÖW-13 ‡¯‹j t 11000-26590/- | E54: ‡gvt AvjvDwÏb dwKi | F54: Awdm mnvqK †MÖW-2 | G54: 0124100089869 | H54: 19810 | I54: =ROUND((H54*15%),0) -> 2972 | J54: =ROUND((H54*55%),0) -> 10896 | K54: 1500 | L54: 300 | M54: 200 | N54: 500 | Q54: =SUM(H54:P54) -> 36178 | R54: =ROUND((H54*10%),0) -> 1981 | S54: 5000 | T54: =ROUND((H54*1%),0) -> 198 | AA54: 0 | AC54: 20 | AD54: 10 | AF54: =SUM(R54:AE54) -> 7209 | AG54: =Q54-AF54 -> 28969 | AH54: wRwc 2/40
B55: 48 | C55: 300059 | D55: Lvqiæb †bQv Awdm mnvqK †MÖW -13 ‡¯‹j t 11000-26590/- | E55: Lvqiæb †bQv | F55: Awdm mnvqK †MÖW-2 | G55: 0124100085651 | H55: 17960 | I55: =ROUND((H55*15%),0) -> 2694 | J55: =ROUND((H55*55%),0) -> 9878 | K55: 1500 | L55: 300 | M55: 200 | N55: 1000 | Q55: =SUM(H55:O55) -> 33532 | R55: =ROUND((H55*10%),0) -> 1796 | S55: 1000 | T55: =ROUND((H55*1%),0) -> 180 | V55: 1300 | W55: 990 | X55: 20 | Y55: 10 | AA55: 0 | AC55: 20 | AD55: 10 | AF55: =SUM(R55:AE55) -> 5326 | AG55: =Q55-AF55 -> 28206 | AH55: wRwc 18/40
B56: 49 | C56: 300062 | D56: ‡gvt iæûj Avwgb gvjx †MÖW-13 ‡¯‹j t 11000-26590/- | E56: ‡gvt iæûj Avwgb | F56: gvjx †MÖW-2 | G56: 0124100089658 | H56: 18860 | I56: =ROUND((H56*15%),0) -> 2829 | K56: 1500 | L56: 300 | M56: 200 | N56: 500 | Q56: =SUM(H56:O56) -> 24189 | R56: =ROUND((H56*10%),0) -> 1886 | T56: =ROUND((H56*1%),0) -> 189 | W56: 1080 | X56: 30 | Y56: 10 | Z56: 1961 | AA56: 0 | AC56: 20 | AD56: 10 | AF56: =SUM(R56:AE56) -> 5186 | AG56: =Q56-AF56 -> 19003
B57: 50 | C57: 300057 | D57: ‡gvt AvjvDwÏb Awdm mnvqK †MÖW-13 ‡¯‹j t 11000-26590/- | E57: ‡gvt AvjvDwÏb | F57: Awdm mnvqK †MÖW-2 | G57: 0124100089919 | H57: 17960 | I57: =ROUND((H57*15%),0) -> 2694 | J57: 9600 | K57: 1500 | L57: 300 | M57: 200 | N57: 1000 | Q57: =SUM(H57:O57) -> 33254 | R57: =ROUND((H57*10%),0) -> 1796 | S57: 5000 | T57: =ROUND((H57*1%),0) -> 180 | AA57: 0 | AC57: 20 | AD57: 10 | AF57: =SUM(R57:AE57) -> 7006 | AG57: =Q57-AF57 -> 26248 | AH57: wRwc 7/20
B58: 51 | C58: 300061 | D58: ‡`ey iÄb `vm cwi”QbœZv Kgx© †MÖW-13 ‡¯‹j t 11000-26590/- | E58: ‡`ey iÄb `vm | F58: cwiQbœZv Kwg© †MÖW-2 | G58: 0124100048271 | H58: 19810 | I58: =ROUND((H58*15%),0) -> 2972 | K58: 1500 | L58: 300 | M58: 200 | N58: 1000 | Q58: =SUM(H58:O58) -> 25782 | R58: =ROUND((H58*10%),0) -> 1981 | T58: =ROUND((H58*1%),0) -> 198 | W58: 1080 | X58: 30 | Y58: 10 | Z58: 1176 | AA58: 0 | AC58: 20 | AD58: 10 | AF58: =SUM(R58:AE58) -> 4505 | AG58: =Q58-AF58 -> 21277
B59: 52 | C59: 300058 | D59: eyjeyj Av³vi Awdm mnvqK †MÖW-13 ‡¯‹j t 11000-26590/- | E59: eyjeyj Av³vi | F59: Awdm mnvqK †MÖW-2 | G59: 0124100089718 | H59: 17960 | I59: =ROUND((H59*15%),0) -> 2694 | K59: 1500 | L59: 300 | M59: 200 | Q59: =SUM(H59:O59) -> 22654 | R59: =ROUND((H59*10%),0) -> 1796 | T59: =ROUND((H59*1%),0) -> 180 | V59: 0 | W59: 1080 | X59: 30 | Y59: 10 | Z59: 738 | AA59: 0 | AC59: 20 | AD59: 10 | AF59: =SUM(R59:AE59) -> 3864 | AG59: =Q59-AF59 -> 18790
B60: 53 | C60: 300079 | D60: ‡gvt iwdKzj Bmjvg µvdU BÝUªv±i †¯‹j t11000-26590/- | E60: ‡gvt iwdKzj Bmjvg | F60: ¯‹xì IqvK©vi | G60: 0124801012561 | H60: 14050 | I60: =ROUND((H60*15%),0) -> 2108 | J60: =ROUND((H60*60%),0) -> 8430 | K60: 1500 | L60: 300 | M60: 200 | N60: 1000 | O60: 100 | Q60: =SUM(H60:O60) -> 27688 | R60: =ROUND((H60*10%),0) -> 1405 | S60: 1000 | T60: =ROUND((H60*1%),0) -> 141 | V60: 0 | W60: 0 | X60: 0 | Y60: 0 | AA60: 0 | AC60: 20 | AD60: 10 | AF60: =SUM(R60:AE60) -> 2576 | AG60: =Q60-AF60 -> 25112 | AH60: wRwc 20/20
B61: 54 | C61: 300080 | D61: myRb P›`ª `vm µvdU BÝUªv±i †¯‹j t11000-26590/- | E61: myRb P›`ª `vm | F61: ¯‹xì IqvK©vi | G61: 0124801013403 | H61: 13380 | I61: =ROUND((H61*15%),0) -> 2007 | J61: =ROUND((H61*60%),0) -> 8028 | K61: 1500 | L61: 300 | M61: 200 | N61: 1000 | O61: 100 | Q61: =SUM(H61:O61) -> 26515 | R61: =ROUND((H61*10%),0) -> 1338 | S61: 4000 | T61: =ROUND((H61*1%),0) -> 134 | AC61: 20 | AD61: 10 | AF61: =SUM(R61:AE61) -> 5502 | AG61: =Q61-AF61 -> 21013 | AH61: wRwc 16/27
B62: 55 | C62: 3000118 | D62: gvKZzg µvdU BÝUªv±i †¯‹j t11000-26590/- | E62: gvKZzg | F62: ¯‹xì IqvK©vi | G62: 0124801015565 | H62: 11550 | I62: =ROUND((H62*15%),0) -> 1733 | J62: =ROUND((H62*60%),0) -> 6930 | K62: 1500 | L62: 300 | M62: 200 | O62: 100 | Q62: =SUM(H62:O62) -> 22313 | R62: =ROUND((H62*10%),0) -> 1155 | S62: 2000 | T62: =ROUND((H62*1%),0) -> 116 | AC62: 20 | AD62: 10 | AF62: =SUM(R62:AE62) -> 3301 | AG62: =Q62-AF62 -> 19012 | AH62: wRwc 3/45
B63: 56 | C63: 300029 | D63: ‡gvt Kvgvj †nv‡mb WªvBfvi †MÖW-3 ‡¯‹jt 10200-24680/ | E63: ‡gvt Kvgvj †nv‡mb | F63: WªvBfvi †MÖW-3 | G63: 0124801012118 | H63: 16680 | I63: =ROUND((H63*15%),0) -> 2502 | K63: 1500 | L63: 300 | M63: 200 | O63: 100 | Q63: =SUM(H63:O63) -> 21282 | R63: =ROUND((H63*10%),0) -> 1668 | T63: =ROUND((H63*1%),0) -> 167 | W63: 1080 | X63: 30 | Y63: 10 | Z63: 3960 | AC63: 20 | AD63: 10 | AF63: =SUM(R63:AE63) -> 6945 | AG63: =Q63-AF63 -> 14337
B64: 57 | C64: 300089 | D64: †gvt wQwÏKzi ingvb WªvBfvi(jvBU) †MÖW-3 ‡¯‹jt 10200-24680/ | E64: ‡gvt wQwÏKzi ingvb | F64: WªvBfvi(jvBU) †MÖW-3 | G64: 0124801013989 | H64: 13710 | I64: =ROUND((H64*15%),0) -> 2057 | K64: 1500 | L64: 300 | M64: 200 | N64: 500 | O64: 100 | Q64: =SUM(H64:O64) -> 18367 | R64: =ROUND((H64*10%),0) -> 1371 | T64: =ROUND((H64*1%),0) -> 137 | W64: 1080 | X64: 30 | Y64: 10 | Z64: 1335 | AC64: 20 | AD64: 10 | AF64: =SUM(R64:AE64) -> 3993 | AG64: =Q64-AF64 -> 14374
B65: 58 | C65: 300091 | D65: ‡gvt wgRvbyi ingvb wmK`vi WªvBfvi(jvBU) †MÖW-3 ‡¯‹jt 10200-24680/ | E65: ‡gvt wgRvbyi ingvb wmK`vi | F65: WªvBfvi(jvBU) †MÖW-3 | G65: 0124801014000 | H65: 13710 | I65: =ROUND((H65*15%),0) -> 2057 | J65: =ROUND((H65*60%),0) -> 8226 | K65: 1500 | L65: 300 | M65: 200 | N65: 1000 | O65: 100 | Q65: =SUM(H65:O65) -> 27093 | R65: =ROUND((H65*10%),0) -> 1371 | T65: =ROUND((H65*1%),0) -> 137 | AC65: 20 | AD65: 10 | AF65: =SUM(R65:AE65) -> 1538 | AG65: =Q65-AF65 -> 25555
B66: 59 | C66: 300111 | D66: ‡gvt Ryjnvm ZvjyK`vi WªvBfvi(jvBU) †MÖW-3 ‡¯‹jt 10200-24680/ | E66: Ryjnvm ZvjyK`vi | F66: WªvBfvi(jvBU) †MÖW-3 | G66: 0124801015070 | H66: 13710 | I66: =ROUND((H66*15%),0) -> 2057 | K66: 1500 | L66: 300 | M66: 200 | N66: 1000 | O66: 100 | Q66: =SUM(H66:O66) -> 18867 | R66: =ROUND((H66*10%),0) -> 1371 | T66: =ROUND((H66*1%),0) -> 137 | W66: 1080 | X66: 30 | Y66: 10 | Z66: 1682 | AC66: 20 | AD66: 10 | AF66: =SUM(R66:AE66) -> 4340 | AG66: =Q66-AF66 -> 14527
B67: 60 | C67: 300031 | D67: †gvt evey wgqv WªvBfvi †MÖW-3 ‡¯‹jt 9700-23490/- | E67: ‡gvt evey wgqv | F67: WªvBfvi †MÖW-3 | G67: 0124801012676 | H67: 13040 | I67: =ROUND((H67*15%),0) -> 1956 | J67: =ROUND((H67*60%),0) -> 7824 | K67: 1500 | L67: 300 | M67: 200 | O67: 100 | Q67: =SUM(H67:O67) -> 24920 | R67: =ROUND((H67*10%),0) -> 1304 | S67: 2000 | T67: =ROUND((H67*1%),0) -> 130 | AC67: 20 | AD67: 10 | AF67: =SUM(R67:AE67) -> 3464 | AG67: =Q67-AF67 -> 21456 | AH67: wRwc 29/48 | AI67: ¸iæ `Û kvw¯Í wnmv‡e †eZb‡MÖW1avc Aegvbb Ges 03 eQiAve×2025,2026,2027
B68: 61 | C68: 300135 | D68: ‡gvt dviæK wgqv WªvBfvi (†nfx) ‡¯‹j t 9700-23490/- ‡hvM`vb t 21/1/2024 | E68: ‡gvt dviæK wgqv | F68: WªvBfvi (†nfx) | G68: 0124801020080 | H68: 10190 | I68: =ROUND((H68*15%),0) -> 1529 | J68: 6400 | K68: 1500 | L68: 300 | M68: 200 | N68: 500 | Q68: =SUM(H68:P68) -> 20619 | R68: =ROUND((H68*10%),0) -> 1019 | T68: =ROUND((H68*1%),0) -> 102 | AC68: 20 | AD68: 10 | AF68: =SUM(R68:AE68) -> 1151 | AG68: =Q68-AF68 -> 19468
B69: 62 | C69: 300161 | D69: ‡gvt Rwmg nvIjv`vi WªvBfvi (†nfx) ‡¯‹j t 9700-23490/- ‡hvM`vb t 05/10/2025 | E69: ‡gvt Rwmg nvIjv`vi | F69: WªvBfvi (†nfx) | G69: 0124801021174 | H69: 9700 | I69: =ROUND((H69*15%),0) -> 1455 | J69: =ROUND((H69*65%),0) -> 6305 | K69: 1500 | L69: 300 | M69: 200 | N69: 1000 | Q69: =SUM(H69:P69) -> 20460 | R69: =ROUND((H69*10%),0) -> 970 | T69: =ROUND((H69*1%),0) -> 97 | AC69: 20 | AD69: 10 | AF69: =SUM(R69:AE69) -> 1097 | AG69: =Q69-AF69 -> 19363
B70: 63 | C70: 300162 | D70: ‡gvt gvmyg nvIjv`vi WªvBfvi (†nfx) ‡¯‹j t 9700-23490/- ‡hvM`vb t 05/10/2025 | E70: ‡gvt gvmyg nvIjv`vi | F70: WªvBfvi (†nfx) | G70: 0124801021173 | H70: 9700 | I70: =ROUND((H70*15%),0) -> 1455 | J70: =ROUND((H70*65%),0) -> 6305 | K70: 1500 | L70: 300 | M70: 200 | Q70: =SUM(H70:P70) -> 19460 | R70: =ROUND((H70*10%),0) -> 970 | T70: =ROUND((H70*1%),0) -> 97 | AC70: 20 | AD70: 10 | AF70: =SUM(R70:AE70) -> 1097 | AG70: =Q70-AF70 -> 18363
B71: 64 | C71: 300071 | D71: ‡gvt dviæK †nv‡mb-2 Awdm mnvqK †MÖW-2 ‡¯‹j t 9700-23490/- | E71: ‡gvt dviæK †nv‡mb-2 | F71: Awdm mnvqK †MÖW-2 | G71: 0124801012549 | H71: 14390 | I71: =ROUND((H71*15%),0) -> 2159 | K71: 1500 | L71: 300 | M71: 200 | N71: 1000 | Q71: =SUM(H71:O71) -> 19549 | R71: =ROUND((H71*10%),0) -> 1439 | T71: =ROUND((H71*1%),0) -> 144 | W71: 1080 | X71: 30 | Y71: 10 | Z71: 1554 | AA71: 0 | AC71: 20 | AD71: 10 | AF71: =SUM(R71:AE71) -> 4287 | AG71: =Q71-AF71 -> 15262
B72: 65 | C72: 300085 | D72: mvBgyb ‡ecvix †÷vi G‡UÛ: ‡MÖW-2 †¯‹j: 9700-23490/- | E72: mvBgyb †ecvix | F72: †÷vi G‡UÛ: ‡MÖW-2 | G72: 0124801012960 | H72: 13700 | I72: =ROUND((H72*15%),0) -> 2055 | J72: =ROUND((H72*60%),0) -> 8220 | K72: 1500 | L72: 300 | M72: 200 | Q72: =SUM(H72:O72) -> 25975 | R72: =ROUND((H72*10%),0) -> 1370 | S72: 5000 | T72: =ROUND((H72*1%),0) -> 137 | AC72: 20 | AD72: 10 | AF72: =SUM(R72:AE72) -> 6537 | AG72: =Q72-AF72 -> 19438 | AH72: wRwc 11/25
B73: 66 | C73: 300099 | D73: ‡gvt eveyj Avn‡g` Awdm mnvqK ‡MÖW-2 †¯‹jt 9700-23490/- | E73: ‡gvt eveyj Avn‡g` | F73: Awdm mnvqK ‡MÖW-2 | G73: 0124801014639 | H73: 12410 | I73: =ROUND((H73*15%),0) -> 1862 | J73: =ROUND((H73*60%),0) -> 7446 | K73: 1500 | L73: 300 | M73: 200 | Q73: =SUM(H73:O73) -> 23718 | R73: =ROUND((H73*10%),0) -> 1241 | S73: 5000 | T73: =ROUND((H73*1%),0) -> 124 | AC73: 20 | AD73: 10 | AF73: =SUM(R73:AE73) -> 6395 | AG73: =Q73-AF73 -> 17323 | AH73: wRwc 10/20
B74: 67 | C74: 300110 | D74: ‡ZvRvg †nv‡mb Awdm mnvqK ‡MÖW-2 †¯‹jt 9700-23490/- | E74: ‡ZRvg †nv‡mb | F74: Awdm mnvqK ‡MÖW-2 | G74: 0124801015102 | H74: 12410 | I74: =ROUND((H74*15%),0) -> 1862 | J74: =ROUND((H74*60%),0) -> 7446 | K74: 1500 | L74: 300 | M74: 200 | N74: 500 | Q74: =SUM(H74:O74) -> 24218 | R74: =ROUND((H74*10%),0) -> 1241 | T74: =ROUND((H74*1%),0) -> 124 | AC74: 20 | AD74: 10 | AF74: =SUM(R74:AE74) -> 1395 | AG74: =Q74-AF74 -> 22823
B75: 68 | C75: 300066 | D75: †gvt Rv‡q` †nvmvBb Awdm mnvqK †MÖW-15 ‡¯‹j t 9700-23490/- | E75: ‡gvt Rv‡q` †nvmvBb | F75: Awdm mnvqK †MÖW-3 | G75: 0124801012546 | H75: 14390 | I75: =ROUND((H75*15%),0) -> 2159 | J75: =ROUND((H75*60%),0) -> 8634 | K75: 1500 | L75: 300 | M75: 200 | N75: 500 | Q75: =SUM(H75:O75) -> 27683 | R75: =ROUND((H75*10%),0) -> 1439 | S75: 3000 | T75: =ROUND((H75*1%),0) -> 144 | V75: 1300 | W75: 990 | X75: 20 | Y75: 10 | AA75: 0 | AC75: 20 | AD75: 10 | AF75: =SUM(R75:AE75) -> 6933 | AG75: =Q75-AF75 -> 20750 | AH75: wRwc 2/30
B76: 69 | C76: 300069 | D76: †gvt kixd †nv‡mb Awdm mnvqK †MÖW-15 ‡¯‹j t 9700-23490/- | E76: ‡gvt kixd †nv‡mb | F76: Awdm mnvqK †MÖW-3 | G76: 0124801012557 | H76: 14390 | I76: =ROUND((H76*15%),0) -> 2159 | J76: =ROUND((H76*60%),0) -> 8634 | K76: 1500 | L76: 300 | M76: 200 | N76: 500 | Q76: =SUM(H76:O76) -> 27683 | R76: =ROUND((H76*10%),0) -> 1439 | T76: =ROUND((H76*1%),0) -> 144 | V76: 1300 | W76: 990 | X76: 20 | Y76: 10 | AA76: 0 | AC76: 20 | AD76: 10 | AF76: =SUM(R76:AE76) -> 3933 | AG76: =Q76-AF76 -> 23750
B77: 70 | C77: 300097 | D77: ‡gvt iwdKzj Bmjvg Awdm mnvqK †MÖW-15 †¯‹jt 9700-23490/- | E77: †gvt iwdKzj Bmjvg | F77: Awdm mnvqK †MÖW-3 | G77: 0124801013783 | H77: 12410 | I77: =ROUND((H77*15%),0) -> 1862 | J77: =ROUND((H77*60%),0) -> 7446 | K77: 1500 | L77: 300 | M77: 200 | Q77: =SUM(H77:O77) -> 23718 | R77: =ROUND((H77*10%),0) -> 1241 | S77: 2000 | T77: =ROUND((H77*1%),0) -> 124 | AC77: 20 | AD77: 10 | AF77: =SUM(R77:AE77) -> 3395 | AG77: =Q77-AF77 -> 20323 | AH77: wRwc 8/48
B78: 71 | C78: 300098 | D78: ‡gvt e`iæj Avwgb Awdm mnvqK †MÖW-15 †¯‹jt 9700-23490/- | E78: ‡gvt e`iæj Avwgb | F78: Awdm mnvqK †MÖW-3 | G78: 0124801014642 | H78: 12410 | I78: =ROUND((H78*15%),0) -> 1862 | J78: =ROUND((H78*60%),0) -> 7446 | K78: 1500 | L78: 300 | M78: 200 | Q78: =SUM(H78:O78) -> 23718 | R78: =ROUND((H78*10%),0) -> 1241 | S78: 2000 | T78: =ROUND((H78*1%),0) -> 124 | AC78: 20 | AD78: 10 | AF78: =SUM(R78:AE78) -> 3395 | AG78: =Q78-AF78 -> 20323 | AH78: wRwc 20/40
B79: 72 | C79: 300101 | D79: ‡gvt Avjx †nv‡mb wmwKDwiwU MvW© †MÖW-15 †¯‹jt 9700-23490/- | E79: ‡gvt Avjx ‡nv‡mb | F79: wmwKDwiwU MvW© †MÖW-3 | G79: 0124801014646 | H79: 12410 | I79: =ROUND((H79*15%),0) -> 1862 | J79: =ROUND((H79*60%),0) -> 7446 | K79: 1500 | L79: 300 | M79: 200 | Q79: =SUM(H79:O79) -> 23718 | R79: =ROUND((H79*10%),0) -> 1241 | T79: =ROUND((H79*1%),0) -> 124 | AC79: 20 | AD79: 10 | AF79: =SUM(R79:AE79) -> 1395 | AG79: =Q79-AF79 -> 22323 | AH79: 0
B80: 73 | C80: 300102 | D80: ‡gvt ‡mv‡nj ivbv Lvb wmwKDwiwU MvW© †MÖW-15 †¯‹jt 9700-23490/- | E80: ‡gvt †mv‡nj ivbv Lvb | F80: wmwKDwiwU MvW© †MÖW-3 | G80: 0124801014636 | H80: 12410 | I80: =ROUND((H80*15%),0) -> 1862 | J80: =ROUND((H80*60%),0) -> 7446 | K80: 1500 | L80: 300 | M80: 200 | N80: 500 | Q80: =SUM(H80:O80) -> 24218 | R80: =ROUND((H80*10%),0) -> 1241 | S80: 2150 | T80: =ROUND((H80*1%),0) -> 124 | AC80: 20 | AD80: 10 | AF80: =SUM(R80:AE80) -> 3545 | AG80: =Q80-AF80 -> 20673 | AH80: wRwc 5/48
B81: 74 | C81: 300063 | D81: ‡gvt wgRvbyi ingvb Awdm mnvqK †MÖW-15 ‡¯‹j t 9700-23490/- | E81: ‡gvt wgRvbyi ingvb | F81: Awdm mnvqK †MÖW-3 | G81: 0124100091888 | H81: 14390 | I81: =ROUND((H81*15%),0) -> 2159 | J81: =ROUND((H81*60%),0) -> 8634 | K81: 1500 | L81: 300 | M81: 200 | N81: 0 | O81: 100 | P81: 2000 | Q81: =SUM(H81:P81) -> 29283 | R81: =ROUND((H81*10%),0) -> 1439 | S81: 4000 | T81: =ROUND((H81*1%),0) -> 144 | V81: 1300 | W81: 990 | X81: 20 | Y81: 10 | AA81: 0 | AC81: 20 | AD81: 10 | AF81: =SUM(R81:AE81) -> 7933 | AG81: =Q81-AF81 -> 21350 | AH81: wRwc 7/40
B82: 75 | C82: 300064 | D82: ‡gvt b~i Bmjvg (Ry‡qj) Awdm mnvqK †MÖW-15 ‡¯‹j t 9700-23490/- | E82: ‡gvt b~i-Bmjvg Ry‡qj | F82: Awdm mnvqK †MÖW-3 | G82: 0124801012563 | H82: 14390 | I82: =ROUND((H82*15%),0) -> 2159 | J82: =ROUND((H82*60%),0) -> 8634 | K82: 1500 | L82: 300 | M82: 200 | N82: 500 | O82: 100 | Q82: =SUM(H82:O82) -> 27783 | R82: =ROUND((H82*10%),0) -> 1439 | T82: =ROUND((H82*1%),0) -> 144 | V82: 0 | W82: 0 | X82: 0 | Y82: 0 | AA82: 0 | AC82: 20 | AD82: 10 | AF82: =SUM(R82:AE82) -> 1613 | AG82: =Q82-AF82 -> 26170
B83: 76 | C83: 300065 | D83: ‡gvt dviæK †nv‡mb-1 Awdm mnvqK †MÖW-15 ‡¯‹j t 9700-23490/- | E83: ‡gvt dviæK †nv‡mb-1 | F83: Awdm mnvqK †MÖW-3 | G83: 0124801012543 | H83: 14390 | I83: =ROUND((H83*15%),0) -> 2159 | K83: 1500 | L83: 300 | M83: 200 | N83: 0 | O83: 100 | Q83: =SUM(H83:O83) -> 18649 | R83: =ROUND((H83*10%),0) -> 1439 | S83: 2500 | T83: =ROUND((H83*1%),0) -> 144 | W83: 1080 | X83: 30 | Y83: 10 | Z83: 3034 | AA83: 0 | AC83: 20 | AD83: 10 | AF83: =SUM(R83:AE83) -> 8267 | AG83: =Q83-AF83 -> 10382 | AH83: wRwc 11/48
B84: 77 | C84: 300067 | D84: ‡gvt Rvgvj dwKi Awdm mnvqK †MÖW-15 ‡¯‹j t 9700-23490/- | E84: ‡gvt Rvgvj dwKi | F84: Awdm mnvqK †MÖW-3 | G84: 0124801012547 | H84: 14390 | I84: =ROUND((H84*15%),0) -> 2159 | K84: 1500 | L84: 300 | M84: 200 | N84: 1000 | O84: 100 | Q84: =SUM(H84:O84) -> 19649 | R84: =ROUND((H84*10%),0) -> 1439 | S84: 3300 | T84: =ROUND((H84*1%),0) -> 144 | W84: 1080 | X84: 20 | Y84: 10 | Z84: 2152 | AA84: 0 | AC84: 20 | AD84: 10 | AF84: =SUM(R84:AE84) -> 8175 | AG84: =Q84-AF84 -> 11474 | AH84: wRwc 8/48
B85: 78 | C85: 300068 | D85: †gvt wjqvKZ Avjx Awdm mnvqK †MÖW-15 ‡¯‹j t 9700-23490/- | E85: ‡gvt wjqvKZ Avjx | F85: Awdm mnvqK †MÖW-3 | G85: 0124801012545 | H85: 14390 | I85: =ROUND((H85*15%),0) -> 2159 | K85: 1500 | L85: 300 | M85: 200 | N85: 500 | O85: 100 | Q85: =SUM(H85:O85) -> 19149 | R85: =ROUND((H85*10%),0) -> 1439 | S85: 3125 | T85: =ROUND((H85*1%),0) -> 144 | V85: 0 | W85: 1080 | X85: 20 | Y85: 10 | Z85: 2136 | AA85: 0 | AC85: 20 | AD85: 10 | AF85: =SUM(R85:AE85) -> 7984 | AG85: =Q85-AF85 -> 11165 | AH85: wRwc 6/48
B86: 79 | C86: 300070 | D86: ‡gvt Rûiæj Bmjvg Awdm mnvqK †MÖW-15 ‡¯‹j t 9700-23490/- | E86: ‡gvt Rûiæj Bmjvg | F86: Awdm mnvqK †MÖW-3 | G86: 0124801012562 | H86: 14390 | I86: =ROUND((H86*15%),0) -> 2159 | J86: =ROUND((H86*60%),0) -> 8634 | K86: 1500 | L86: 300 | M86: 200 | N86: 1000 | O86: 100 | Q86: =SUM(H86:O86) -> 28283 | R86: =ROUND((H86*10%),0) -> 1439 | T86: =ROUND((H86*1%),0) -> 144 | V86: 0 | W86: 0 | X86: 0 | Y86: 0 | AA86: 0 | AC86: 20 | AD86: 10 | AF86: =SUM(R86:AE86) -> 1613 | AG86: =Q86-AF86 -> 26670
B87: 80 | C87: 300072 | D87: ‡gvt Ry‡qj Awdm mnvqK †MÖW-15 ‡¯‹j t 9700-23490/- | E87: ‡gvt Ry‡qj | F87: Awdm mnvqK †MÖW-3 | G87: 0124801012548 | H87: 14390 | I87: =ROUND((H87*15%),0) -> 2159 | J87: =ROUND((H87*60%),0) -> 8634 | K87: 1500 | L87: 300 | M87: 200 | N87: 1000 | O87: 100 | Q87: =SUM(H87:O87) -> 28283 | R87: =ROUND((H87*10%),0) -> 1439 | T87: =ROUND((H87*1%),0) -> 144 | AA87: 0 | AC87: 20 | AD87: 10 | AF87: =SUM(R87:AE87) -> 1613 | AG87: =Q87-AF87 -> 26670
B88: 81 | C88: 300082 | D88: w`jxc P›`ª `vm cwi”QbœZv Kgx© †MÖW-15 †¯‹j: 9700-23490/- | E88: w`wjc P›`ª `vm | F88: cwi”QbœZv Kgx© †MÖW-3 | G88: 0124801012570 | H88: 14390 | I88: =ROUND((H88*15%),0) -> 2159 | J88: =ROUND((H88*60%),0) -> 8634 | K88: 1500 | L88: 300 | M88: 200 | N88: 500 | O88: 100 | Q88: =SUM(H88:O88) -> 27783 | R88: =ROUND((H88*10%),0) -> 1439 | S88: 2000 | T88: =ROUND((H88*1%),0) -> 144 | V88: 1300 | W88: 990 | X88: 20 | Y88: 10 | AA88: 0 | AC88: 20 | AD88: 10 | AF88: =SUM(R88:AE88) -> 5933 | AG88: =Q88-AF88 -> 21850 | AH88: wRwc 33/40
B89: 82 | C89: 300083 | D89: k¨vgj P›`ª `vm cwi”QbœZv Kgx© ‡MÖW- 15 †¯‹j: 9700-23490/- | E89: k¨vgj P›`ª `vm | F89: cwi”QbœZv Kgx© †MÖW-3 | G89: 0124801012571 | H89: 14390 | I89: =ROUND((H89*15%),0) -> 2159 | J89: =ROUND((H89*60%),0) -> 8634 | K89: 1500 | L89: 300 | M89: 200 | N89: 1000 | O89: 100 | Q89: =SUM(H89:O89) -> 28283 | R89: =ROUND((H89*10%),0) -> 1439 | T89: =ROUND((H89*1%),0) -> 144 | V89: 0 | W89: 0 | X89: 0 | AA89: 0 | AC89: 20 | AD89: 10 | AF89: =SUM(R89:AE89) -> 1613 | AG89: =Q89-AF89 -> 26670
B90: 83 | C90: 300087 | D90: †gv: KvIQvi nvIjv`vi cwiQbœZv Kg©x ‡MÖW- 15 †¯‹j: 9700-23490/- | E90: ‡gvt KvIQvi nvj`vi | F90: cwiQbœZv Kg©x ‡MÖW-3 | G90: 0124801012956 | H90: 13700 | I90: =ROUND((H90*15%),0) -> 2055 | J90: =ROUND((H90*60%),0) -> 8220 | K90: 1500 | L90: 300 | M90: 200 | N90: 1000 | O90: 100 | Q90: =SUM(H90:O90) -> 27075 | R90: =ROUND((H90*10%),0) -> 1370 | T90: =ROUND((H90*1%),0) -> 137 | AC90: 20 | AD90: 10 | AF90: =SUM(R90:AE90) -> 1537 | AG90: =Q90-AF90 -> 25538
B91: 84 | C91: 300103 | D91: ‡gvt ‡gveviK †nv‡mb wmwKDwiwU MvW© †MÖW-15 †¯‹jt 9700-23490/- | E91: ‡gvt †gvev‡iK †nv‡mb | F91: wmwKDwiwU MvW© †MÖW-3 | G91: 0124801012751 | H91: 12410 | I91: =ROUND((H91*15%),0) -> 1862 | J91: =ROUND((H91*60%),0) -> 7446 | K91: 1500 | L91: 300 | M91: 200 | O91: 100 | Q91: =SUM(H91:O91) -> 23818 | R91: =ROUND((H91*10%),0) -> 1241 | T91: =ROUND((H91*1%),0) -> 124 | AC91: 20 | AD91: 10 | AF91: =SUM(R91:AE91) -> 1395 | AG91: =Q91-AF91 -> 22423
B92: 85 | C92: 300088 | D92: gvmy` ivbv B‡jKwUªwkqvb †¯‹j t 9300-22490/- | E92: gvmy`v ivbv | F92: B‡jKwUªwkqvb | G92: 0124801014071 | H92: 13780 | I92: =ROUND((H92*15%),0) -> 2067 | K92: 1500 | L92: 300 | M92: 200 | N92: 1000 | Q92: =SUM(H92:O92) -> 18847 | R92: =ROUND((H92*10%),0) -> 1378 | S92: 5000 | T92: =ROUND((H92*1%),0) -> 138 | W92: 1080 | X92: 30 | Y92: 10 | Z92: 1817 | AC92: 20 | AD92: 10 | AF92: =SUM(R92:AE92) -> 9483 | AG92: =Q92-AF92 -> 9364 | AH92: wRwc 17/20
D93: 4_© †kÖbx t | AF93: =SUM(R93:AE93) -> 0 | AG93: =Q93-AF93 -> 0
B94: 86 | C94: 300074 | D94: †gvnv¤§` BDmyd AvL›` ¯‹xì IqvK©vi †¯‹jt 9000-21800/- | E94: ‡gvnv¤§` BDmyd AvL›` | F94: ¯‹xì IqvK©vi | G94: 0124801012578 | H94: 14010 | I94: =ROUND((H94*15%),0) -> 2102 | J94: =ROUND((H94*60%),0) -> 8406 | K94: 1500 | L94: 300 | M94: 200 | N94: 1000 | O94: 100 | Q94: =SUM(H94:O94) -> 27618 | R94: =ROUND((H94*10%),0) -> 1401 | S94: 3100 | T94: =ROUND((H94*1%),0) -> 140 | V94: 1300 | W94: 990 | X94: 20 | Y94: 10 | AA94: 0 | AC94: 20 | AD94: 10 | AF94: =SUM(R94:AE94) -> 6991 | AG94: =Q94-AF94 -> 20627 | AH94: wRwc 18/48
B95: 87 | C95: 300073 | D95: ‡gvt b~i-G-Avjg eyK mU©vi †MÖW-17 ‡¯‹j t 9000-21800/- | E95: ‡gvt b~yi-G-Avjg | F95: eyK mU©vi †MÖW-3 | G95: 0124801012539 | H95: =ROUND((13340/2),0) -> 6670 | I95: 1001 | J95: 8004 | K95: 1500 | N95: 1000 | O95: 100 | Q95: =SUM(H95:O95) -> 18275 | R95: 2900 | V95: 0 | W95: 0 | X95: 0 | Y95: 0 | AA95: 0 | AC95: 20 | AD95: 10 | AF95: =SUM(R95:AE95) -> 2930 | AG95: =Q95-AF95 -> 15345 | AH95: wRwc 10/48 | AI95: mvgwqK eiLv¯Í 25/3/2025 †_‡K
B96: 88 | C96: 300104 | D96: ‡gvt AvgRv` †nv‡mb wmwKDwiwU MvW©-17 †¯‹jt 9000-21800/- | E96: ‡gvt AvgRv` †nv‡mb | F96: wmwKDwiwU MvW© †MÖW-3 | G96: 0124801014139 | H96: 12090 | I96: =ROUND((H96*15%),0) -> 1814 | J96: =ROUND((H96*60%),0) -> 7254 | K96: 1500 | L96: 300 | M96: 200 | N96: 1000 | O96: 100 | Q96: =SUM(H96:O96) -> 24258 | R96: =ROUND((H96*10%),0) -> 1209 | T96: =ROUND((H96*1%),0) -> 121 | AC96: 20 | AD96: 10 | AF96: =SUM(R96:AE96) -> 1360 | AG96: =Q96-AF96 -> 22898
B97: 89 | C97: 300106 | D97: ‡gvt ‡gvRv‡¤§j nK wmwKDwiwU MvW© †MÖW-17 †¯‹jt 9000-21800/- | E97: ‡gvt †gvRv‡¤§j nK | F97: wmwKDwiwU MvW© †MÖW-3 | G97: 0124801012752 | H97: 12090 | I97: =ROUND((H97*15%),0) -> 1814 | K97: 1500 | L97: 300 | M97: 200 | N97: 1000 | O97: 100 | Q97: =SUM(H97:O97) -> 17004 | R97: =ROUND((H97*10%),0) -> 1209 | T97: =ROUND((H97*1%),0) -> 121 | W97: 1080 | X97: 30 | Y97: 10 | Z97: 1921 | AC97: 20 | AD97: 10 | AF97: =SUM(R97:AE97) -> 4401 | AG97: =Q97-AF97 -> 12603
B98: 90 | C98: 300107 | D98: ‡LvKb wgqv wmwKDwiwU MvW©†MÖW-17 †¯‹jt 9000-21800/- | E98: ‡LvKb wgqv | F98: wmwKDwiwU MvW© †MÖW-3 | G98: 0124801015080 | H98: 12090 | I98: =ROUND((H98*15%),0) -> 1814 | J98: =ROUND((H98*60%),0) -> 7254 | K98: 1500 | L98: 300 | M98: 200 | N98: 1000 | O98: 100 | Q98: =SUM(H98:O98) -> 24258 | R98: =ROUND((H98*10%),0) -> 1209 | T98: =ROUND((H98*1%),0) -> 121 | AC98: 20 | AD98: 10 | AF98: =SUM(R98:AE98) -> 1360 | AG98: =Q98-AF98 -> 22898
B99: 91 | C99: 300076 | D99: bRgyj nK (w`cy) ®‹xì IqvK©vi ‡¯‹j t 9000-21800/- | E99: bRgyj nK (`xcy) | F99: IqvK©mc G‡Ub‡W›U | G99: 0124801012553 | H99: 14010 | I99: =ROUND((H99*15%),0) -> 2102 | J99: =ROUND((H99*60%),0) -> 8406 | K99: 1500 | L99: 300 | M99: 200 | N99: 500 | O99: 100 | Q99: =SUM(H99:O99) -> 27118 | R99: =ROUND((H99*10%),0) -> 1401 | T99: =ROUND((H99*1%),0) -> 140 | AA99: 0 | AC99: 20 | AD99: 10 | AF99: =SUM(R99:AE99) -> 1571 | AG99: =Q99-AF99 -> 25547
B100: 92 | C100: 300084 | D100: †gv: Avwgbyj Bmjvg ev‡mi †njcvi ‡MÖW-17 †¯‹j: 9000-21800/- | E100: ‡gvt Avwgbyj Bmjvg | F100: ev‡mi †njcvi | G100: 0124801012961 | H100: 13340 | I100: =ROUND((H100*15%),0) -> 2001 | J100: =ROUND((H100*60%),0) -> 8004 | K100: 1500 | L100: 300 | M100: 200 | N100: 1000 | O100: 100 | Q100: =SUM(H100:O100) -> 26445 | R100: =ROUND((H100*10%),0) -> 1334 | T100: =ROUND((H100*1%),0) -> 133 | AC100: 20 | AD100: 10 | AF100: =SUM(R100:AE100) -> 1497 | AG100: =Q100-AF100 -> 24948
B101: 93 | C101: 300086 | D101: †gv: Rvdi wgqv cwiQbœZv Kg©x ‡MÖW-17 †¯‹j t 9000-21800/- | E101: ‡gvt Rvdi wgqv | F101: cwiQbœZv Kgx© | G101: 0124801012966 | H101: 13340 | I101: =ROUND((H101*15%),0) -> 2001 | J101: =ROUND((H101*60%),0) -> 8004 | K101: 1500 | L101: 300 | M101: 200 | O101: 100 | Q101: =SUM(H101:O101) -> 25445 | R101: =ROUND((H101*10%),0) -> 1334 | T101: =ROUND((H101*1%),0) -> 133 | AC101: 20 | AD101: 10 | AF101: =SUM(R101:AE101) -> 1497 | AG101: =Q101-AF101 -> 23948
...

Sheet Sheet5
A1: evsjv‡`k †U·UvBj wek¦we`¨vjq A_© I wnmve `ßi ‡ZRMuvI, XvKv - 1208|
A3: Gm.Avi.I bs 348-AvBb/2026, ZvwiL -17-9-2026 RvZxq †eZb †¯‹j 2026 Abyhvqx †eZb wba©vibx weeiYx t
B5: AvBwW | D5: 218
A6: 1 | B6: bvg | C6: t | D6: =VLOOKUP(D5,Inforation!A2:G412,2,FALSE) -> ‡gvt mvnv`vZ †nv‡mb
A7: 2 | B7: eZ©gvb c` (30-06-2026) | C7: t | D7: =VLOOKUP(D6,Inforation!B2:G412,2,FALSE) -> †mKkb Awdmvi
A8: 3 | B8: ey‡U· G †hvM`v‡bi ZvwiL | C8: t
A9: 4 | B9: wefvM/`ßi | C9: t | D9: =VLOOKUP(D6,Inforation!B2:G412,3,FALSE) -> A_© I wnmve
A10: 5 | B10: ‡mj †dvb bs | C10: t | D10: =VLOOKUP(D6,Inforation!B2:G413,4,FALSE) -> 0
A11: 6 | B11: RvZxq cwiPq cÎ bs | C11: t | D11: =VLOOKUP(D6,Inforation!B2:G414,5,FALSE) -> 0124100063454
A12: 7 | B12: wUAvBGb bs | C12: t
A13: 8 | B13: RvZxq †eZb †¯‹j 2015 Abyhvqx 30 Ryb 2026 Zvwi‡L M„nxZ †eZb | C13: t | D13: =VLOOKUP('Fixation '!D6,Inforation!B2:G413,6,FALSE) -> 28100
A14: 9 | B14: RvZxq †eZb †¯‹j 2015 Abyhvqx 30 Ryb 2026 Zvwi‡L | C14: t
B15: K) cÖvß †MÖW/D”PZi †MÖW I †¯‹j | C15: t | D15: গ্রেড - ৭
B16: L) cvß †MÖW/D”PZi †MÖ‡Wi cÖviw¤¢K ‡eZb | C16: t | D16: 22000
A17: 10 | B17: cv_©K¨ (8-9L) | C17: t | D17: =D13-D16 -> 6100
A18: 11 | B18: RvZxq †eZb †¯‹j 2026 Abyhvqx 01 RyjvB 2026 Zvwi‡L | C18: t
B19: K) cÖvc¨ †MÖW/D”PZi †MÖW I †¯‹j | C19: t | D19: গ্রেড - ৭
B20: L) cÖvc¨ †MÖW/D”PZi †MÖ‡Wi cÖviw¤¢K ‡eZb | C20: t | D20: 44000
A21: 12 | B21: ‡gvU †eZb (10+11L) | C21: t | D21: =D17+D20 -> 50100
A22: 13 | B22: 1 /7/2026 Zvwi‡L cÖvc¨ †eZ‡bi avc (†eZb †¯‹j 2026) | C22: t | D22: 51000
A23: 14 | B23: 1/7/2026 Zvwi‡L evwl©K †eZb e„w× (Bbwµ‡g›U) mn g~j †eZb {RvZxq †eZb †¯‹j-2026 Gi 8(2) aviv †gvZv‡eK} | C23: t | D23: 53500
A24: 15 | B24: 1/7/2026 Zvwi‡L evwl©K †eZb eyw×i nvi (bs 14 - bs 13) | D24: =D23-D22 -> 2500
A25: 16 | B25: cv_©K¨ (13-8) | C25: t | D25: =D22-D13 -> 22900
A26: 17 | B26: 1/7/2026 Zvwi‡L e„w× cÖvß ‡eZ‡bi (Kjvg 15 Abymv‡i) | C26: t
B27: K) 40% (1g n‡Z 9g †Mª‡Wi Rb¨) | C27: t | D27: =D25*40% -> 9160
B28: L) 50% (10g †MÖW n‡Z 20 Zg †Mª‡Wi Rb¨) | C28: t
A29: 18 | B29: 1/7/2026 Zvwi‡L e„w× cÖvß ‡eZ‡bi (Kjvg 15 Abymv‡i) | C29: t
B30: K) cieZx© 70% (1g n‡Z 9g †Mª‡Wi Rb¨) | C30: t | D30: =D25*70% -> 16030
B31: L) cieZx© 75% (10g †MÖW n‡Z 20 Zg †Mª‡Wi Rb¨) | C31: t
A32: 19 | B32: 1/1/2026 Zvwi‡L wba©vwiZ g~j †eZb [8bs + 17bs + 20 bs] | C32: t | D32: =D13+D30+D24 -> 46630
A33: 20 | B33: 1/7/2026 Zvwi‡L e„w× cÖvß ‡eZ‡bi (Kjvg 15 Abymv‡i) | C33: t
B34: K) Aewkó 100% (1g n‡Z 9g †Mª‡Wi Rb¨) | C34: t | D34: =D25*100% -> 22900
B35: L) Aewkó 100% (10g †MÖW n‡Z 20 Zg †Mª‡Wi Rb¨) | C35: t
A36: 21 | B36: 1/7/2026 Zvwi‡L wba©vwiZ g~j †eZb (8+16) | C36: t | D36: =D13+D27 -> 37260
A37: 22 | B37: 1/7/2027 Zvwi‡L wba©vwiZ g~j †eZb (Kjvg 14 Abymv‡i) 100% | C37: t | D37: =D23 -> 53500
A38: 23 | B38: 01/7/2027 Zvwi‡L evwl©K †eZb e„w× (Bbwµ‡g›U) mn cÖvc¨ g~j †eZb | C38: t | D38: 56200
A39: 24 | B39: cieZ©x evwl©K †eZb e„wÏi ZvwiL | C39: t | D39: 46759
D42: ---------------------------------
C43: wkÿK/ Kg©KZ©v/Kg©Pvixi ¯^vÿi I mxj
A46: cÖ¯‘ZKviK Dc-cwiPvjK(m¨vjvwi) | D46: cwiPvjK (A_© I wnmve)
B48: AwWU Awd‡mi e¨env‡ii Rb¨
A49: D³ †eZb weeibx wbixÿv Kiv nBj| RvZxq †eZb †¯‹j 2026 Abyhvqx wb¤œiæcfv‡e †eZb wba©viY Kiv n‡jv
A50: 1 | B50: K) 1 RyjvB 2026 Zvwi‡L wba©vwiZ †eZb †MÖW | C50: t
B51: L) 1 RyjvB 2026 Zvwi‡L wba©vwiZ †eZb ‡¯‹j | C51: t
A52: 2 | B52: 1 RyjvB 2026 Zvwi‡L wba©vwiZ gyj †eZb | C52: t
A53: 3 | B53: K) 1 Rvbyqvix 2026 Zvwi‡L wba©vwiZ gyj †eZb | C53: t
B54: L) 1 RyjvB 2027 Zvwi‡L wba©vwiZ gyj †eZb | C54: t
A55: 4 | B55: cieZx© evwl©K †eZb e„wÏi ZvwiL | C55: t
A58: cÖ¯‘ZKviK mn-cwiPvjK(AwWU) | D58: cwiPvjK (AwWU)
A63: 17 | B63: 1/7/2026 Zvwi‡L cÖvc¨ †eZb (8+16) | C63: t | D63: =D13+D27 -> 37260
A64: 18 | B64: 1/7/2026 Zvwi‡L evwl©K †eZb e„w× (Bbwµ‡g›U) mn cÖvc¨ †eZb [17 bs + Bbwµ‡g›U] Bbwµ‡g›U= 14 bs - 13 bs | C64: t | D64: =D63+2500 -> 39760

Sheet Sheet6
A1: evsjv‡`k †U·UvBj wek¦we`¨vjq A_© I wnmve `ßi ‡ZRMuvI, XvKv - 1208|
A3: Gm.Avi.I bs 348-AvBb/2026, ZvwiL -17-9-2026 RvZxq †eZb †¯‹j 2026 Abyhvqx †eZb wba©vibx weeiYx t
B5: AvBwW | D5: 218
A6: 1 | B6: bvg | C6: t | D6: =VLOOKUP(D5,Inforation!A2:G412,2,FALSE) -> ‡gvt mvnv`vZ †nv‡mb
A7: 2 | B7: eZ©gvb c` (30-06-2026) | C7: t | D7: =VLOOKUP(D6,Inforation!B2:G412,2,FALSE) -> †mKkb Awdmvi
A8: 3 | B8: eZ©gvb c‡` †hvM`v‡bi ZvwiL | C8: t
A9: 4 | B9: wefvM/`ßi | C9: t | D9: =VLOOKUP(D6,Inforation!B2:G412,3,FALSE) -> A_© I wnmve
A10: 5 | B10: ‡mj †dvb bs | C10: t | D10: =VLOOKUP(D6,Inforation!B2:G413,4,FALSE) -> 0
A11: 6 | B11: RvZxq cwiPq cÎ bs | C11: t | D11: =VLOOKUP(D6,Inforation!B2:G414,5,FALSE) -> 0124100063454
A12: 8 | B12: RvZxq †eZb †¯‹j 2015 Abyhvqx 30 Ryb 2026 Zvwi‡L MÖnxZ g~j †eZb | C12: t | D12: =VLOOKUP('Fixation '!D6,Inforation!B2:G413,6,FALSE) -> 28100
A13: 9 | B13: RvZxq †eZb †¯‹j 2015 Abyhvqx 30 Ryb 2026 Zvwi‡L
B14: K) cÖvc¨ †MÖW/D”PZi †MÖW I †¯^j | D14: গ্রেড - ৭
B15: L) cÖvc¨ †MÖW/D”PZi †MÖ‡Wi cÖviw¤¢K ‡eZb | C15: t | D15: 22000
A16: 10 | B16: cÖv_K¨ (8-9L) | C16: t | D16: =D12-D15 -> 6100
A17: 11 | B17: RvZxq †eZb †¯‹j 2026 Abyhvqx 01 RyjvB 2026 Zvwi‡L
B18: K) cÖvc¨ †MÖW/D”PZi †MÖW I †¯^j | C18: t | D18: গ্রেড - ৭
B19: L) cÖvc¨ †MÖW/D”&PZi †MÖ‡Wi cÖviw¤¢K ‡eZb | C19: t | D19: 44000
A20: 12 | B20: ‡gvU †eZb (10+11L) | C20: t | D20: =D16+D19 -> 50100
A21: 13 | B21: RvZxq †eZb †¯‹j 2026 Abyhvqx 1 RyjvB 2026 Zvwi‡L cÖvc¨ †eZ‡bi avc | C21: t | D21: 51000
A22: 14 | B22: 1jv RyjvB 2026 Zvwi‡L Bbwµ‡g›U mn †eZb wba©viY {RvZxq †eZb †¯‹j-2026 Gi 8(2) aviv †gvZv‡eK} | C22: t | D22: 53500
A23: 15 | B23: ‡eZb e„w×i cwigvY (13-8) | C23: t | D23: =D21-D12 -> 22900
A24: 16 | B24: 1/7/2026 Zvwi‡L †eZb e„w×i (Kjvg 15 Abymv‡i) | C24: t
B25: K) 40% (1g n‡Z 9g †Mª‡Wi Rb¨) | D25: =D23*40% -> 9160
B26: L) 50% (10g †MÖW n‡Z 20 Zg †Mª‡Wi Rb¨)
A27: 17 | B27: 1/7/2026 Zvwi‡L AvnwiZ g~j †eZb (8+16) | C27: t | D27: =D12+D25 -> 37260
A28: 18 | B28: 1/7/2026 Zvwi‡L evwl©K †eZb e„w× mn cÖvc¨ †eZb [17 bs + Bbwµ‡g›U] | D28: =D27+2500 -> 39760
A29: 19 | B29: 1/1/2027 Zvwi‡L ‡eZb e„w×i (Kjvg 16 Abymv‡i) | C29: t
B30: K) cieZx© 70% (1g n‡Z 9g †Mª‡Wi Rb¨) | D30: =D23*70% -> 16030
B31: L) cieZx© 75% (10g †MÖW n‡Z 20 Zg †Mª‡Wi Rb¨) | C31: t
A32: 20 | B32: 1/1/2027 Zvwi‡L cÖvc¨ †eZb (18+19) | D32: =D12+D30 -> 44130
A33: 21 | B33: 1/7/2027 Zvwi‡L AvnwiZ g~j †eZ‡bi (Kjvg 16 Abymv‡i) | D33: =D32+2500 -> 46630
B34: K) Aewkó 30% (1g n‡Z 9g †Mª‡Wi Rb¨) | D34: =D23*30% -> 6870
B35: L) Aewkó 25% (10g †MÖW n‡Z 20 Zg †Mª‡Wi Rb¨)
A36: 22 | B36: 1/7/2026 cÖvc¨ †eZb [20bs + 21 bs | D36: =D32+D34+2500 -> 53500
A37: 23 | B37: RvZxq †eZb †¯‹j 2026 Abyhvqx 01/7/2027 Zvwi‡L M„wnZe¨ kZfvM gyj †eZb (Kjvg -14 Abymv‡i) GKwU Bbwµ‡g›U mn | C37: t | D37: 56200
A38: 24 | B38: cieZ©x evwl©K †eZb e„wÏi ZvwiL | C38: t | D38: 46759
D41: ---------------------------------
C42: wkÿK/ Kg©KZ©v/Kg©Pvixi ¯^vÿi I mxj
A45: cÖ¯‘ZKviK Dc-cwiPvjK(m¨vjvwi) | D45: cwiPvjK (A_© I wnmve)
B47: AwWU Awd‡mi e¨env‡ii Rb¨
A48: D³ †eZb weeibx wbixÿv Kiv nBj| RvZxq †eZb †¯‹j 2026 Abyhvqx wb¤œiæcfv‡e †eZb wba©viY Kiv n‡jv
A49: 1 | B49: K) 1 RyjvB 2026 Zvwi‡L wba©vwiZ †eZb †MÖW | C49: t
B50: L) 1 RyjvB 2026 Zvwi‡L wba©vwiZ †eZb ‡¯‹j | C50: t
A51: 2 | B51: 1 RyjvB 2026 Zvwi‡L wba©vwiZ gyj †eZb | C51: t
A52: 3 | B52: K) 1 Rvbyqvix 2026 Zvwi‡L wba©vwiZ gyj †eZb | C52: t
B53: L) 1 RyjvB 2027 Zvwi‡L wba©vwiZ gyj †eZb | C53: t
A54: 4 | B54: cieZx© evwl©K †eZb e„wÏi ZvwiL | C54: t
A57: cÖ¯‘ZKviK mn-cwiPvjK(AwWU) | D57: cwiPvjK (AwWU)
